community,community_area,population,type,total22,total23,total24,total25,total26,total19,total20,total21,last12mos,total_prior3years,avg_prior3years,inc_19to25,inc_19tolast12,inc_25tolast12,inc_prior3yearavgtolast12,rate19,rate20,rate21,rate22,rate23,rate24,rate25,rate_last12,rate_prior3years
Douglas,35,20000,People,854,917,956,880,605,986,795,847,812,2753,917.7,-10.8,-17.6,-7.7,-12,4930,3975,4235,4270,4585,4780,4400,4060,4588.5
Douglas,35,20000,Property,1552,1873,1528,1623,1185,1271,1031,1090,1658,5024,1674.7,27.7,30.4,2.2,-1,6355,5155,5450,7760,9365,7640,8115,8290,8373.5
Douglas,35,20000,Society,394,392,418,403,278,491,362,344,348,1213,404.3,-17.9,-29.1,-13.6,-14,2455,1810,1720,1970,1960,2090,2015,1740,2021.5
Oakland,36,7000,People,248,299,274,245,194,237,225,230,259,818,272.7,3.4,9.3,5.7,-5,3385.7,3214.3,3285.7,3542.9,4271.4,3914.3,3500,3700,3895.7
Oakland,36,7000,Property,394,555,486,465,348,289,286,275,467,1506,502,60.9,61.6,0.4,-7,4128.6,4085.7,3928.6,5628.6,7928.6,6942.9,6642.9,6671.4,7171.4
Oakland,36,7000,Society,119,128,122,93,68,112,112,86,85,343,114.3,-17,-24.1,-8.6,-26,1600,1600,1228.6,1700,1828.6,1742.9,1328.6,1214.3,1632.9
Fuller Park,37,3000,People,228,271,306,269,196,299,268,235,261,846,282,-10,-12.7,-3,-7,9966.7,8933.3,7833.3,7600,9033.3,10200,8966.7,8700,9400
Fuller Park,37,3000,Property,293,330,272,281,209,380,279,235,284,883,294.3,-26.1,-25.3,1.1,-3,12666.7,9300,7833.3,9766.7,11000,9066.7,9366.7,9466.7,9810
Fuller Park,37,3000,Society,125,125,125,135,97,226,136,88,135,385,128.3,-40.3,-40.3,0,5,7533.3,4533.3,2933.3,4166.7,4166.7,4166.7,4500,4500,4276.7
Grand Boulevard,38,25000,People,1069,1280,1207,1062,797,1212,1058,1052,1053,3549,1183,-12.4,-13.1,-0.8,-11,4848,4232,4208,4276,5120,4828,4248,4212,4732
Grand Boulevard,38,25000,Property,1829,2059,2092,1825,1382,1489,1393,1256,1936,5976,1992,22.6,30,6.1,-3,5956,5572,5024,7316,8236,8368,7300,7744,7968
Grand Boulevard,38,25000,Society,544,509,526,517,408,695,505,486,515,1552,517.3,-25.6,-25.9,-0.4,-0,2780,2020,1944,2176,2036,2104,2068,2060,2069.2
Kenwood,39,19000,People,559,587,630,570,476,442,421,464,617,1787,595.7,29,39.6,8.2,4,2326.3,2215.8,2442.1,2942.1,3089.5,3315.8,3000,3247.4,3135.3
Kenwood,39,19000,Property,1073,1247,1243,1238,932,747,631,674,1271,3728,1242.7,65.7,70.1,2.7,2,3931.6,3321.1,3547.4,5647.4,6563.2,6542.1,6515.8,6689.5,6540.5
Kenwood,39,19000,Society,196,234,224,237,165,202,166,186,225,695,231.7,17.3,11.4,-5.1,-3,1063.2,873.7,978.9,1031.6,1231.6,1178.9,1247.4,1184.2,1219.5
Lincoln Square,4,40000,People,526,623,541,497,392,515,461,475,518,1661,553.7,-3.5,0.6,4.2,-6,1287.5,1152.5,1187.5,1315,1557.5,1352.5,1242.5,1295,1384.2
Lincoln Square,4,40000,Property,1274,1380,1271,1193,810,1097,1275,1060,1101,3844,1281.3,8.8,0.4,-7.7,-14,2742.5,3187.5,2650,3185,3450,3177.5,2982.5,2752.5,3203.2
Lincoln Square,4,40000,Society,226,215,223,220,166,197,152,167,227,658,219.3,11.7,15.2,3.2,4,492.5,380,417.5,565,537.5,557.5,550,567.5,548.2
Washington Park,40,13000,People,828,980,967,962,754,940,820,831,980,2909,969.7,2.3,4.3,1.9,1,7230.8,6307.7,6392.3,6369.2,7538.5,7438.5,7400,7538.5,7459.2
Washington Park,40,13000,Property,1054,1256,1094,1059,713,906,825,801,966,3409,1136.3,16.9,6.6,-8.8,-15,6969.2,6346.2,6161.5,8107.7,9661.5,8415.4,8146.2,7430.8,8740.8
Washington Park,40,13000,Society,372,354,396,427,352,499,327,332,438,1177,392.3,-14.4,-12.2,2.6,12,3838.5,2515.4,2553.8,2861.5,2723.1,3046.2,3284.6,3369.2,3017.7
Hyde Park,41,29000,People,567,587,613,544,435,489,409,520,563,1744,581.3,11.2,15.1,3.5,-3,1686.2,1410.3,1793.1,1955.2,2024.1,2113.8,1875.9,1941.4,2004.5
Hyde Park,41,29000,Property,1395,1676,1611,1807,1156,1046,889,1056,1651,5094,1698,72.8,57.8,-8.6,-3,3606.9,3065.5,3641.4,4810.3,5779.3,5555.2,6231,5693.1,5855.2
Hyde Park,41,29000,Society,176,201,203,207,207,193,172,141,255,611,203.7,7.3,32.1,23.2,25,665.5,593.1,486.2,606.9,693.1,700,713.8,879.3,702.4
Woodlawn,42,24000,People,1129,1192,1388,1300,946,1380,1152,1115,1285,3880,1293.3,-5.8,-6.9,-1.2,-1,5750,4800,4645.8,4704.2,4966.7,5783.3,5416.7,5354.2,5388.8
Woodlawn,42,24000,Property,1621,1996,1774,1798,1336,1437,1258,1242,1848,5568,1856,25.1,28.6,2.8,-0,5987.5,5241.7,5175,6754.2,8316.7,7391.7,7491.7,7700,7733.3
Woodlawn,42,24000,Society,504,548,639,579,478,750,537,508,609,1766,588.7,-22.8,-18.8,5.2,3,3125,2237.5,2116.7,2100,2283.3,2662.5,2412.5,2537.5,2452.9
Rogers Park,1,55000,People,1305,1366,1353,1222,943,1219,1110,1186,1252,3941,1313.7,0.2,2.7,2.5,-5,2216.4,2018.2,2156.4,2372.7,2483.6,2460,2221.8,2276.4,2388.5
Rogers Park,1,55000,Property,2263,2719,2482,1998,1142,2316,1828,1815,1597,7199,2399.7,-13.7,-31,-20.1,-33,4210.9,3323.6,3300,4114.5,4943.6,4512.7,3632.7,2903.6,4363.1
Rogers Park,1,55000,Society,495,567,521,548,398,524,362,380,544,1636,545.3,4.6,3.8,-0.7,-0,952.7,658.2,690.9,900,1030.9,947.3,996.4,989.1,991.5
Jefferson Park,11,26000,People,276,317,294,289,190,255,267,235,274,900,300,13.3,7.5,-5.2,-9,980.8,1026.9,903.8,1061.5,1219.2,1130.8,1111.5,1053.8,1153.8
Jefferson Park,11,26000,Property,665,694,608,468,332,578,611,498,467,1770,590,-19,-19.2,-0.2,-21,2223.1,2350,1915.4,2557.7,2669.2,2338.5,1800,1796.2,2269.2
Jefferson Park,11,26000,Society,146,135,148,141,123,137,120,111,164,424,141.3,2.9,19.7,16.3,16,526.9,461.5,426.9,561.5,519.2,569.2,542.3,630.8,543.5
Forest Glen,12,20000,People,101,99,97,86,70,99,115,104,96,282,94,-13.1,-3,11.6,2,495,575,520,505,495,485,430,480,470
Forest Glen,12,20000,Property,450,361,378,259,165,306,379,306,226,998,332.7,-15.4,-26.1,-12.7,-32,1530,1895,1530,2250,1805,1890,1295,1130,1663.5
Forest Glen,12,20000,Society,67,79,70,64,42,58,60,65,63,213,71,10.3,8.6,-1.6,-11,290,300,325,335,395,350,320,315,355
North Park,13,18000,People,292,285,339,262,164,232,206,187,217,886,295.3,12.9,-6.5,-17.2,-27,1288.9,1144.4,1038.9,1622.2,1583.3,1883.3,1455.6,1205.6,1640.6
North Park,13,18000,Property,600,544,596,604,306,458,494,434,475,1744,581.3,31.9,3.7,-21.4,-18,2544.4,2744.4,2411.1,3333.3,3022.2,3311.1,3355.6,2638.9,3229.4
North Park,13,18000,Society,102,104,113,132,75,106,78,83,105,349,116.3,24.5,-0.9,-20.5,-10,588.9,433.3,461.1,566.7,577.8,627.8,733.3,583.3,646.1
Albany Park,14,48000,People,698,812,812,734,523,664,656,617,720,2358,786,10.5,8.4,-1.9,-8,1383.3,1366.7,1285.4,1454.2,1691.7,1691.7,1529.2,1500,1637.5
Albany Park,14,48000,Property,1183,1469,1339,1224,774,1234,1092,1002,1095,4032,1344,-0.8,-11.3,-10.5,-19,2570.8,2275,2087.5,2464.6,3060.4,2789.6,2550,2281.2,2800
Albany Park,14,48000,Society,320,296,325,399,251,323,274,247,348,1020,340,23.5,7.7,-12.8,2,672.9,570.8,514.6,666.7,616.7,677.1,831.2,725,708.3
Portage Park,15,63000,People,903,973,854,792,585,968,839,860,770,2619,873,-18.2,-20.5,-2.8,-12,1536.5,1331.7,1365.1,1433.3,1544.4,1355.6,1257.1,1222.2,1385.7
Portage Park,15,63000,Property,1622,2039,1890,1719,1225,1545,1422,1347,1703,5648,1882.7,11.3,10.2,-0.9,-10,2452.4,2257.1,2138.1,2574.6,3236.5,3000,2728.6,2703.2,2988.4
Portage Park,15,63000,Society,509,534,472,543,376,395,351,330,526,1549,516.3,37.5,33.2,-3.1,2,627,557.1,523.8,807.9,847.6,749.2,861.9,834.9,819.5
Irving Park,16,52000,People,715,825,806,647,482,734,681,672,641,2278,759.3,-11.9,-12.7,-0.9,-16,1411.5,1309.6,1292.3,1375,1586.5,1550,1244.2,1232.7,1460.2
Irving Park,16,52000,Property,1526,1660,1541,1292,934,1477,1253,1270,1278,4493,1497.7,-12.5,-13.5,-1.1,-15,2840.4,2409.6,2442.3,2934.6,3192.3,2963.5,2484.6,2457.7,2880.2
Irving Park,16,52000,Society,379,349,380,373,206,331,270,293,284,1102,367.3,12.7,-14.2,-23.9,-23,636.5,519.2,563.5,728.8,671.2,730.8,717.3,546.2,706.3
Dunning,17,43000,People,435,462,504,415,341,437,379,458,453,1381,460.3,-5,3.7,9.2,-2,1016.3,881.4,1065.1,1011.6,1074.4,1172.1,965.1,1053.5,1070.5
Dunning,17,43000,Property,949,1053,985,744,533,683,805,839,762,2782,927.3,8.9,11.6,2.4,-18,1588.4,1872.1,1951.2,2207,2448.8,2290.7,1730.2,1772.1,2156.5
Dunning,17,43000,Society,238,263,226,265,155,219,189,231,221,754,251.3,21,0.9,-16.6,-12,509.3,439.5,537.2,553.5,611.6,525.6,616.3,514,584.4
Montclare,18,14000,People,160,175,183,177,114,186,175,157,152,535,178.3,-4.8,-18.3,-14.1,-15,1328.6,1250,1121.4,1142.9,1250,1307.1,1264.3,1085.7,1273.6
Montclare,18,14000,Property,403,445,415,408,225,284,303,264,338,1268,422.7,43.7,19,-17.2,-20,2028.6,2164.3,1885.7,2878.6,3178.6,2964.3,2914.3,2414.3,3019.3
Montclare,18,14000,Society,104,94,77,82,69,83,84,96,95,253,84.3,-1.2,14.5,15.9,13,592.9,600,685.7,742.9,671.4,550,585.7,678.6,602.1
Belmont Cragin,19,78000,People,1337,1622,1615,1289,992,1539,1322,1263,1287,4526,1508.7,-16.2,-16.4,-0.2,-15,1973.1,1694.9,1619.2,1714.1,2079.5,2070.5,1652.6,1650,1934.2
Belmont Cragin,19,78000,Property,2049,2489,2355,2029,1564,2010,1719,1694,2148,6873,2291,0.9,6.9,5.9,-6,2576.9,2203.8,2171.8,2626.9,3191,3019.2,2601.3,2753.8,2937.2
Belmont Cragin,19,78000,Society,727,870,756,628,494,817,743,689,644,2254,751.3,-23.1,-21.2,2.5,-14,1047.4,952.6,883.3,932.1,1115.4,969.2,805.1,825.6,963.2
West Ridge,2,77000,People,1095,1175,1158,1004,784,990,951,918,1027,3337,1112.3,1.4,3.7,2.3,-8,1285.7,1235.1,1192.2,1422.1,1526,1503.9,1303.9,1333.8,1444.5
West Ridge,2,77000,Property,2476,2398,2223,1851,1157,2007,1820,1786,1659,6472,2157.3,-7.8,-17.3,-10.4,-23,2606.5,2363.6,2319.5,3215.6,3114.3,2887,2403.9,2154.5,2801.7
West Ridge,2,77000,Society,409,458,400,415,348,484,332,302,470,1273,424.3,-14.3,-2.9,13.3,11,628.6,431.2,392.2,531.2,594.8,519.5,539,610.4,551
Hermosa,20,24000,People,423,582,581,419,311,433,397,428,423,1582,527.3,-3.2,-2.3,1,-20,1804.2,1654.2,1783.3,1762.5,2425,2420.8,1745.8,1762.5,2197.1
Hermosa,20,24000,Property,688,799,650,585,486,596,568,612,670,2034,678,-1.8,12.4,14.5,-1,2483.3,2366.7,2550,2866.7,3329.2,2708.3,2437.5,2791.7,2825
Hermosa,20,24000,Society,217,241,234,185,144,274,218,229,186,660,220,-32.5,-32.1,0.5,-15,1141.7,908.3,954.2,904.2,1004.2,975,770.8,775,916.7
Avondale,21,36000,People,602,628,619,515,353,595,546,504,490,1762,587.3,-13.4,-17.6,-4.9,-17,1652.8,1516.7,1400,1672.2,1744.4,1719.4,1430.6,1361.1,1631.4
Avondale,21,36000,Property,1165,1372,1547,1455,1093,1253,1062,895,1492,4374,1458,16.1,19.1,2.5,2,3480.6,2950,2486.1,3236.1,3811.1,4297.2,4041.7,4144.4,4050
Avondale,21,36000,Society,232,224,253,222,165,302,215,194,222,699,233,-26.5,-26.5,0,-5,838.9,597.2,538.9,644.4,622.2,702.8,616.7,616.7,647.2
Logan Square,22,72000,People,1041,1365,1254,1032,670,1117,976,1023,953,3651,1217,-7.6,-14.7,-7.7,-22,1551.4,1355.6,1420.8,1445.8,1895.8,1741.7,1433.3,1323.6,1690.3
Logan Square,22,72000,Property,2660,3478,3737,3038,2428,3216,2330,2147,3198,10253,3417.7,-5.5,-0.6,5.3,-6,4466.7,3236.1,2981.9,3694.4,4830.6,5190.3,4219.4,4441.7,4746.8
Logan Square,22,72000,Society,421,416,468,463,337,565,443,448,445,1347,449,-18.1,-21.2,-3.9,-1,784.7,615.3,622.2,584.7,577.8,650,643.1,618.1,623.6
Humboldt Park,23,54000,People,2204,2518,2404,1986,1454,2466,2278,2125,1923,6908,2302.7,-19.5,-22,-3.2,-16,4566.7,4218.5,3935.2,4081.5,4663,4451.9,3677.8,3561.1,4264.3
Humboldt Park,23,54000,Property,2519,2755,2599,2269,2016,2572,2444,2273,2608,7623,2541,-11.8,1.4,14.9,3,4763,4525.9,4209.3,4664.8,5101.9,4813,4201.9,4829.6,4705.6
Humboldt Park,23,54000,Society,1435,1725,2049,1907,1162,2984,1927,1680,1501,5681,1893.7,-36.1,-49.7,-21.3,-21,5525.9,3568.5,3111.1,2657.4,3194.4,3794.4,3531.5,2779.6,3506.9
West Town,24,88000,People,1691,1953,1785,1465,1055,1746,1285,1556,1397,5203,1734.3,-16.1,-20,-4.6,-19,1984.1,1460.2,1768.2,1921.6,2219.3,2028.4,1664.8,1587.5,1970.8
West Town,24,88000,Property,4887,5429,5563,4808,3798,4919,3526,3565,5112,15800,5266.7,-2.3,3.9,6.3,-3,5589.8,4006.8,4051.1,5553.4,6169.3,6321.6,5463.6,5809.1,5984.9
West Town,24,88000,Society,687,643,663,613,479,645,471,533,631,1919,639.7,-5,-2.2,2.9,-1,733,535.2,605.7,780.7,730.7,753.4,696.6,717,726.9
Austin,25,97000,People,4391,4816,5093,4413,3355,5709,5356,4670,4458,14322,4774,-22.7,-21.9,1,-7,5885.6,5521.6,4814.4,4526.8,4964.9,5250.5,4549.5,4595.9,4921.6
Austin,25,97000,Property,5639,5589,5431,4956,3613,5689,5027,4733,4782,15976,5325.3,-12.9,-15.9,-3.5,-10,5864.9,5182.5,4879.4,5813.4,5761.9,5599,5109.3,4929.9,5490
Austin,25,97000,Society,2267,2296,2435,2441,1690,3386,2377,2291,2229,7172,2390.7,-27.9,-34.2,-8.7,-7,3490.7,2450.5,2361.9,2337.1,2367,2510.3,2516.5,2297.9,2464.6
West Garfield Park,26,17000,People,1428,1535,1451,1336,881,1901,1820,1563,1188,4322,1440.7,-29.7,-37.5,-11.1,-18,11182.4,10705.9,9194.1,8400,9029.4,8535.3,7858.8,6988.2,8474.7
West Garfield Park,26,17000,Property,1401,1412,1221,1100,876,1555,1485,1309,1175,3733,1244.3,-29.3,-24.4,6.8,-6,9147.1,8735.3,7700,8241.2,8305.9,7182.4,6470.6,6911.8,7319.4
West Garfield Park,26,17000,Society,1199,1064,1106,880,815,2774,1673,1450,991,3050,1016.7,-68.3,-64.3,12.6,-3,16317.6,9841.2,8529.4,7052.9,6258.8,6505.9,5176.5,5829.4,5980.6
East Garfield Park,27,20000,People,1411,1668,1616,1411,943,1739,1438,1478,1296,4695,1565,-18.9,-25.5,-8.2,-17,8695,7190,7390,7055,8340,8080,7055,6480,7825
East Garfield Park,27,20000,Property,1662,1831,1471,1344,1112,1568,1340,1343,1459,4646,1548.7,-14.3,-7,8.6,-6,7840,6700,6715,8310,9155,7355,6720,7295,7743.5
East Garfield Park,27,20000,Society,734,738,785,1024,506,1356,962,908,802,2547,849,-24.5,-40.9,-21.7,-6,6780,4810,4540,3670,3690,3925,5120,4010,4245
Near West Side,28,68000,People,2411,2892,3059,2819,1958,2472,1897,2109,2696,8770,2923.3,14,9.1,-4.4,-8,3635.3,2789.7,3101.5,3545.6,4252.9,4498.5,4145.6,3964.7,4299
Near West Side,28,68000,Property,6076,6402,6637,6222,4745,5623,3818,4056,6391,19261,6420.3,10.7,13.7,2.7,-0,8269.1,5614.7,5964.7,8935.3,9414.7,9760.3,9150,9398.5,9441.6
Near West Side,28,68000,Society,1055,1130,1283,1286,993,1277,804,768,1314,3699,1233,0.7,2.9,2.2,7,1877.9,1182.4,1129.4,1551.5,1661.8,1886.8,1891.2,1932.4,1813.2
North Lawndale,29,35000,People,2532,2780,2833,2364,1715,3033,2956,2555,2304,7977,2659,-22.1,-24,-2.5,-13,8665.7,8445.7,7300,7234.3,7942.9,8094.3,6754.3,6582.9,7597.1
North Lawndale,29,35000,Property,2653,2831,2381,2039,1558,2565,2350,2345,2144,7251,2417,-20.5,-16.4,5.1,-11,7328.6,6714.3,6700,7580,8088.6,6802.9,5825.7,6125.7,6905.7
North Lawndale,29,35000,Society,1594,1540,1402,2014,1132,3423,1916,1764,1565,4956,1652,-41.2,-54.3,-22.3,-5,9780,5474.3,5040,4554.3,4400,4005.7,5754.3,4471.4,4720
Uptown,3,57000,People,1154,1412,1429,1345,887,1096,940,1158,1197,4186,1395.3,22.7,9.2,-11,-14,1922.8,1649.1,2031.6,2024.6,2477.2,2507,2359.6,2100,2447.9
Uptown,3,57000,Property,2343,2737,2640,2421,1845,1852,1716,1691,2463,7798,2599.3,30.7,33,1.7,-5,3249.1,3010.5,2966.7,4110.5,4801.8,4631.6,4247.4,4321.1,4560.2
Uptown,3,57000,Society,390,464,436,404,347,424,304,366,448,1304,434.7,-4.7,5.7,10.9,3,743.9,533.3,642.1,684.2,814,764.9,708.8,786,762.6
South Lawndale,30,71000,People,1545,1781,1856,1461,1001,1618,1414,1391,1363,5098,1699.3,-9.7,-15.8,-6.7,-20,2278.9,1991.5,1959.2,2176.1,2508.5,2614.1,2057.7,1919.7,2393.4
South Lawndale,30,71000,Property,1601,1919,1718,1460,1121,1756,1402,1382,1508,5097,1699,-16.9,-14.1,3.3,-11,2473.2,1974.6,1946.5,2254.9,2702.8,2419.7,2056.3,2123.9,2393
South Lawndale,30,71000,Society,703,751,699,814,500,1079,766,553,687,2264,754.7,-24.6,-36.3,-15.6,-9,1519.7,1078.9,778.9,990.1,1057.7,984.5,1146.5,967.6,1063
Lower West Side,31,34000,People,919,1068,1085,941,637,783,681,817,903,3094,1031.3,20.2,15.3,-4,-12,2302.9,2002.9,2402.9,2702.9,3141.2,3191.2,2767.6,2655.9,3033.2
Lower West Side,31,34000,Property,1598,1632,1662,1404,1107,1174,1048,1129,1493,4698,1566,19.6,27.2,6.3,-5,3452.9,3082.4,3320.6,4700,4800,4888.2,4129.4,4391.2,4605.9
Lower West Side,31,34000,Society,351,379,431,332,272,386,316,274,361,1142,380.7,-14,-6.5,8.7,-5,1135.3,929.4,805.9,1032.4,1114.7,1267.6,976.5,1061.8,1119.7
Near South Side,33,29000,People,717,731,772,655,518,544,436,635,666,2158,719.3,20.4,22.4,1.7,-7,1875.9,1503.4,2189.7,2472.4,2520.7,2662.1,2258.6,2296.6,2480.3
Near South Side,33,29000,Property,1493,1658,1539,1269,873,1089,958,937,1193,4466,1488.7,16.5,9.6,-6,-20,3755.2,3303.4,3231,5148.3,5717.2,5306.9,4375.9,4113.8,5133.4
Near South Side,33,29000,Society,321,335,431,513,307,240,224,263,407,1279,426.3,113.8,69.6,-20.7,-5,827.6,772.4,906.9,1106.9,1155.2,1486.2,1769,1403.4,1470
Armour Square,34,14000,People,416,365,392,377,253,342,305,353,352,1134,378,10.2,2.9,-6.6,-7,2442.9,2178.6,2521.4,2971.4,2607.1,2800,2692.9,2514.3,2700
Armour Square,34,14000,Property,592,689,589,655,601,570,447,490,787,1933,644.3,14.9,38.1,20.2,22,4071.4,3192.9,3500,4228.6,4921.4,4207.1,4678.6,5621.4,4602.1
Armour Square,34,14000,Society,145,94,124,127,73,114,97,85,99,345,115,11.4,-13.2,-22,-14,814.3,692.9,607.1,1035.7,671.4,885.7,907.1,707.1,821.4
Norwood Park,10,38000,People,323,331,304,273,209,314,213,299,274,908,302.7,-13.1,-12.7,0.4,-9,826.3,560.5,786.8,850,871.1,800,718.4,721.1,796.6
Norwood Park,10,38000,Property,791,749,807,690,426,684,702,740,579,2246,748.7,0.9,-15.4,-16.1,-23,1800,1847.4,1947.4,2081.6,1971.1,2123.7,1815.8,1523.7,1970.3
Norwood Park,10,38000,Society,165,204,158,170,117,167,119,160,163,532,177.3,1.8,-2.4,-4.1,-8,439.5,313.2,421.1,434.2,536.8,415.8,447.4,428.9,466.6
Near North Side,8,105000,People,2666,2773,2820,2696,1858,2847,1721,2372,2489,8289,2763,-5.3,-12.6,-7.7,-10,2711.4,1639,2259,2539,2641,2685.7,2567.6,2370.5,2631.4
Near North Side,8,105000,Property,6834,7078,7194,7268,5005,8606,4712,4931,7006,21540,7180,-15.5,-18.6,-3.6,-2,8196.2,4487.6,4696.2,6508.6,6741,6851.4,6921.9,6672.4,6838.1
Near North Side,8,105000,Society,1155,1348,1427,1208,789,1146,874,1072,1098,3983,1327.7,5.4,-4.2,-9.1,-17,1091.4,832.4,1021,1100,1283.8,1359,1150.5,1045.7,1264.5
Loop,32,42000,People,1936,2084,2074,1958,1397,1893,1211,1538,1910,6116,2038.7,3.4,0.9,-2.5,-6,4507.1,2883.3,3661.9,4609.5,4961.9,4938.1,4661.9,4547.6,4854
Loop,32,42000,Property,5379,5752,5986,5284,3713,7799,3260,3438,5074,17022,5674,-32.2,-34.9,-4,-11,18569,7761.9,8185.7,12807.1,13695.2,14252.4,12581,12081,13509.5
Loop,32,42000,Society,753,974,1272,1343,731,912,642,617,1050,3589,1196.3,47.3,15.1,-21.8,-12,2171.4,1528.6,1469,1792.9,2319,3028.6,3197.6,2500,2848.3
South Shore,43,54000,People,3058,3167,3363,3176,2332,3310,3170,3174,3090,9706,3235.3,-4,-6.6,-2.7,-4,6129.6,5870.4,5877.8,5663,5864.8,6227.8,5881.5,5722.2,5991.3
South Shore,43,54000,Property,4162,4487,3967,3758,2861,3659,3434,3167,3845,12212,4070.7,2.7,5.1,2.3,-6,6775.9,6359.3,5864.8,7707.4,8309.3,7346.3,6959.3,7120.4,7538.3
South Shore,43,54000,Society,1120,1140,1198,1191,916,1724,1217,1110,1232,3529,1176.3,-30.9,-28.5,3.4,5,3192.6,2253.7,2055.6,2074.1,2111.1,2218.5,2205.6,2281.5,2178.3
Chatham,44,32000,People,2135,2259,2216,1891,1445,2482,2071,2087,1936,6366,2122,-23.8,-22,2.4,-9,7756.3,6471.9,6521.9,6671.9,7059.4,6925,5909.4,6050,6631.2
Chatham,44,32000,Property,3189,3185,2747,2658,1675,3064,2453,2479,2336,8590,2863.3,-13.3,-23.8,-12.1,-18,9575,7665.6,7746.9,9965.6,9953.1,8584.4,8306.2,7300,8947.8
Chatham,44,32000,Society,769,948,903,819,594,1262,932,792,803,2670,890,-35.1,-36.4,-2,-10,3943.8,2912.5,2475,2403.1,2962.5,2821.9,2559.4,2509.4,2781.2
Avalon Park,45,9000,People,360,402,385,360,280,434,390,432,373,1147,382.3,-17.1,-14.1,3.6,-2,4822.2,4333.3,4800,4000,4466.7,4277.8,4000,4144.4,4247.8
Avalon Park,45,9000,Property,635,640,584,559,397,539,559,465,553,1783,594.3,3.7,2.6,-1.1,-7,5988.9,6211.1,5166.7,7055.6,7111.1,6488.9,6211.1,6144.4,6603.3
Avalon Park,45,9000,Society,185,157,159,137,99,333,255,228,132,453,151,-58.9,-60.4,-3.6,-13,3700,2833.3,2533.3,2055.6,1744.4,1766.7,1522.2,1466.7,1677.8
South Chicago,46,27000,People,1657,1636,1533,1336,1061,1614,1325,1544,1393,4505,1501.7,-17.2,-13.7,4.3,-7,5977.8,4907.4,5718.5,6137,6059.3,5677.8,4948.1,5159.3,5561.9
South Chicago,46,27000,Property,2071,2144,1785,1784,1219,1590,1467,1563,1629,5713,1904.3,12.2,2.5,-8.7,-14,5888.9,5433.3,5788.9,7670.4,7940.7,6611.1,6607.4,6033.3,7053
South Chicago,46,27000,Society,682,611,602,609,414,1061,615,576,576,1822,607.3,-42.6,-45.7,-5.4,-5,3929.6,2277.8,2133.3,2525.9,2263,2229.6,2255.6,2133.3,2249.3
Burnside,47,3000,People,106,97,106,96,69,133,115,141,89,299,99.7,-27.8,-33.1,-7.3,-11,4433.3,3833.3,4700,3533.3,3233.3,3533.3,3200,2966.7,3323.3
Burnside,47,3000,Property,193,173,130,119,98,133,164,143,123,422,140.7,-10.5,-7.5,3.4,-13,4433.3,5466.7,4766.7,6433.3,5766.7,4333.3,3966.7,4100,4690
Burnside,47,3000,Society,51,71,63,37,37,109,70,45,46,171,57,-66.1,-57.8,24.3,-19,3633.3,2333.3,1500,1700,2366.7,2100,1233.3,1533.3,1900
Mckinley Park,59,16000,People,289,319,302,255,214,197,239,248,278,876,292,29.4,41.1,9,-5,1231.2,1493.8,1550,1806.2,1993.8,1887.5,1593.8,1737.5,1825
Mckinley Park,59,16000,Property,466,551,613,556,434,498,398,363,592,1720,573.3,11.6,18.9,6.5,3,3112.5,2487.5,2268.8,2912.5,3443.8,3831.2,3475,3700,3583.1
Mckinley Park,59,16000,Society,117,100,110,131,82,134,116,102,116,341,113.7,-2.2,-13.4,-11.5,2,837.5,725,637.5,731.2,625,687.5,818.8,725,710.6
Lake View,6,103000,People,1391,1413,1532,1362,939,1380,886,1241,1275,4307,1435.7,-1.3,-7.6,-6.4,-11,1339.8,860.2,1204.9,1350.5,1371.8,1487.4,1322.3,1237.9,1393.9
Lake View,6,103000,Property,4005,4659,4754,4142,3060,4074,3035,3128,4112,13555,4518.3,1.7,0.9,-0.7,-9,3955.3,2946.6,3036.9,3888.3,4523.3,4615.5,4021.4,3992.2,4386.7
Lake View,6,103000,Society,482,497,547,520,407,537,382,396,539,1564,521.3,-3.2,0.4,3.7,3,521.4,370.9,384.5,468,482.5,531.1,504.9,523.3,506.1
Calumet Heights,48,13000,People,405,490,415,411,295,446,412,496,385,1316,438.7,-7.8,-13.7,-6.3,-12,3430.8,3169.2,3815.4,3115.4,3769.2,3192.3,3161.5,2961.5,3374.6
Calumet Heights,48,13000,Property,733,868,740,773,472,655,658,600,651,2381,793.7,18,-0.6,-15.8,-18,5038.5,5061.5,4615.4,5638.5,6676.9,5692.3,5946.2,5007.7,6105.4
Calumet Heights,48,13000,Society,202,187,195,151,135,332,221,230,177,533,177.7,-54.5,-46.7,17.2,-0,2553.8,1700,1769.2,1553.8,1438.5,1500,1161.5,1361.5,1366.9
Roseland,49,39000,People,2058,2137,1994,1858,1305,2305,2196,2071,1781,5989,1996.3,-19.4,-22.7,-4.1,-11,5910.3,5630.8,5310.3,5276.9,5479.5,5112.8,4764.1,4566.7,5118.7
Roseland,49,39000,Property,2897,2941,2633,2422,1587,2631,2683,2274,2207,7996,2665.3,-7.9,-16.1,-8.9,-17,6746.2,6879.5,5830.8,7428.2,7541,6751.3,6210.3,5659,6834.1
Roseland,49,39000,Society,1007,1037,1016,1031,924,1618,1119,1051,1183,3084,1028,-36.3,-26.9,14.7,15,4148.7,2869.2,2694.9,2582.1,2659,2605.1,2643.6,3033.3,2635.9
North Center,5,35000,People,273,311,277,251,172,232,211,223,242,839,279.7,8.2,4.3,-3.6,-13,662.9,602.9,637.1,780,888.6,791.4,717.1,691.4,799.1
North Center,5,35000,Property,975,1052,982,852,637,933,825,695,917,2886,962,-8.7,-1.7,7.6,-5,2665.7,2357.1,1985.7,2785.7,3005.7,2805.7,2434.3,2620,2748.6
North Center,5,35000,Society,134,135,125,147,98,111,121,106,143,407,135.7,32.4,28.8,-2.7,5,317.1,345.7,302.9,382.9,385.7,357.1,420,408.6,387.7
Pullman,50,7000,People,298,390,365,359,255,409,316,328,342,1114,371.3,-12.2,-16.4,-4.7,-8,5842.9,4514.3,4685.7,4257.1,5571.4,5214.3,5128.6,4885.7,5304.3
Pullman,50,7000,Property,496,543,581,538,411,500,422,438,541,1662,554,7.6,8.2,0.6,-2,7142.9,6028.6,6257.1,7085.7,7757.1,8300,7685.7,7728.6,7914.3
Pullman,50,7000,Society,168,165,180,199,153,255,187,170,210,544,181.3,-22,-17.6,5.5,16,3642.9,2671.4,2428.6,2400,2357.1,2571.4,2842.9,3000,2590
South Deering,51,14000,People,580,625,601,624,414,633,639,562,568,1850,616.7,-1.4,-10.3,-9,-8,4521.4,4564.3,4014.3,4142.9,4464.3,4292.9,4457.1,4057.1,4405
South Deering,51,14000,Property,917,1110,1035,980,639,857,751,663,885,3125,1041.7,14.4,3.3,-9.7,-15,6121.4,5364.3,4735.7,6550,7928.6,7392.9,7000,6321.4,7440.7
South Deering,51,14000,Society,284,335,258,255,178,368,250,240,242,848,282.7,-30.7,-34.2,-5.1,-14,2628.6,1785.7,1714.3,2028.6,2392.9,1842.9,1821.4,1728.6,2019.3
East Side,52,22000,People,431,500,423,460,312,374,340,378,428,1383,461,23,14.4,-7,-7,1700,1545.5,1718.2,1959.1,2272.7,1922.7,2090.9,1945.5,2095.5
East Side,52,22000,Property,536,690,672,725,482,376,435,464,670,2087,695.7,92.8,78.2,-7.6,-4,1709.1,1977.3,2109.1,2436.4,3136.4,3054.5,3295.5,3045.5,3162.3
East Side,52,22000,Society,198,287,208,227,146,256,180,170,218,722,240.7,-11.3,-14.8,-4,-9,1163.6,818.2,772.7,900,1304.5,945.5,1031.8,990.9,1094.1
West Pullman,53,26000,People,1089,1200,1242,1079,840,1411,1395,1274,1103,3521,1173.7,-23.5,-21.8,2.2,-6,5426.9,5365.4,4900,4188.5,4615.4,4776.9,4150,4242.3,4514.2
West Pullman,53,26000,Property,1689,1769,1780,1579,1053,1558,1756,1597,1468,5128,1709.3,1.3,-5.8,-7,-14,5992.3,6753.8,6142.3,6496.2,6803.8,6846.2,6073.1,5646.2,6574.2
West Pullman,53,26000,Society,629,645,684,590,506,902,713,678,645,1919,639.7,-34.6,-28.5,9.3,1,3469.2,2742.3,2607.7,2419.2,2480.8,2630.8,2269.2,2480.8,2460.4
Riverdale,54,7000,People,518,577,549,498,409,581,482,484,534,1624,541.3,-14.3,-8.1,7.2,-1,8300,6885.7,6914.3,7400,8242.9,7842.9,7114.3,7628.6,7732.9
Riverdale,54,7000,Property,547,548,484,399,309,482,383,455,392,1431,477,-17.2,-18.7,-1.8,-18,6885.7,5471.4,6500,7814.3,7828.6,6914.3,5700,5600,6814.3
Riverdale,54,7000,Society,209,162,152,174,133,334,206,186,189,488,162.7,-47.9,-43.4,8.6,16,4771.4,2942.9,2657.1,2985.7,2314.3,2171.4,2485.7,2700,2324.3
Hegewisch,55,10000,People,206,236,218,207,179,184,174,218,224,661,220.3,12.5,21.7,8.2,2,1840,1740,2180,2060,2360,2180,2070,2240,2203
Hegewisch,55,10000,Property,322,401,448,462,280,233,253,309,415,1311,437,98.3,78.1,-10.2,-5,2330,2530,3090,3220,4010,4480,4620,4150,4370
Hegewisch,55,10000,Society,90,136,140,101,82,81,81,90,99,377,125.7,24.7,22.2,-2,-21,810,810,900,900,1360,1400,1010,990,1257
Garfield Ridge,56,35000,People,473,545,541,521,325,421,427,437,454,1607,535.7,23.8,7.8,-12.9,-15,1202.9,1220,1248.6,1351.4,1557.1,1545.7,1488.6,1297.1,1530.6
Garfield Ridge,56,35000,Property,1176,1368,1405,1100,699,1118,897,883,966,3873,1291,-1.6,-13.6,-12.2,-25,3194.3,2562.9,2522.9,3360,3908.6,4014.3,3142.9,2760,3688.6
Garfield Ridge,56,35000,Society,307,375,468,426,217,328,235,248,335,1269,423,29.9,2.1,-21.4,-21,937.1,671.4,708.6,877.1,1071.4,1337.1,1217.1,957.1,1208.6
Archer Heights,57,14000,People,284,314,303,252,168,230,218,240,225,869,289.7,9.6,-2.2,-10.7,-22,1642.9,1557.1,1714.3,2028.6,2242.9,2164.3,1800,1607.1,2069.3
Archer Heights,57,14000,Property,602,560,675,701,432,475,383,351,596,1936,645.3,47.6,25.5,-15,-8,3392.9,2735.7,2507.1,4300,4000,4821.4,5007.1,4257.1,4609.3
Archer Heights,57,14000,Society,121,154,142,148,94,109,93,85,122,444,148,35.8,11.9,-17.6,-18,778.6,664.3,607.1,864.3,1100,1014.3,1057.1,871.4,1057.1
Brighton Park,58,45000,People,877,932,886,702,542,786,663,741,740,2520,840,-10.7,-5.9,5.4,-12,1746.7,1473.3,1646.7,1948.9,2071.1,1968.9,1560,1644.4,1866.7
Brighton Park,58,45000,Property,956,1086,1048,993,766,1030,803,799,1026,3127,1042.3,-3.6,-0.4,3.3,-2,2288.9,1784.4,1775.6,2124.4,2413.3,2328.9,2206.7,2280,2316.2
Brighton Park,58,45000,Society,286,296,309,312,239,419,333,261,333,917,305.7,-25.5,-20.5,6.7,9,931.1,740,580,635.6,657.8,686.7,693.3,740,679.3
Bridgeport,60,34000,People,418,484,501,488,339,408,362,400,450,1473,491,19.6,10.3,-7.8,-8,1200,1064.7,1176.5,1229.4,1423.5,1473.5,1435.3,1323.5,1444.1
Bridgeport,60,34000,Property,960,953,933,973,711,825,751,694,956,2859,953,17.9,15.9,-1.7,0,2426.5,2208.8,2041.2,2823.5,2802.9,2744.1,2861.8,2811.8,2802.9
Bridgeport,60,34000,Society,185,193,215,231,138,222,194,175,192,639,213,4.1,-13.5,-16.9,-10,652.9,570.6,514.7,544.1,567.6,632.4,679.4,564.7,626.5
New City,61,44000,People,1555,1769,1679,1451,1033,1584,1438,1520,1401,4899,1633,-8.4,-11.6,-3.4,-14,3600,3268.2,3454.5,3534.1,4020.5,3815.9,3297.7,3184.1,3711.4
New City,61,44000,Property,1598,1911,1707,1583,1214,1749,1479,1378,1584,5201,1733.7,-9.5,-9.4,0.1,-9,3975,3361.4,3131.8,3631.8,4343.2,3879.5,3597.7,3600,3940.2
New City,61,44000,Society,660,767,723,574,493,937,671,645,634,2064,688,-38.7,-32.3,10.5,-8,2129.5,1525,1465.9,1500,1743.2,1643.2,1304.5,1440.9,1563.6
West Elsdon,62,18000,People,264,303,349,303,211,272,217,212,287,955,318.3,11.4,5.5,-5.3,-10,1511.1,1205.6,1177.8,1466.7,1683.3,1938.9,1683.3,1594.4,1768.3
West Elsdon,62,18000,Property,478,636,520,467,361,473,371,396,469,1623,541,-1.3,-0.8,0.4,-13,2627.8,2061.1,2200,2655.6,3533.3,2888.9,2594.4,2605.6,3005.6
West Elsdon,62,18000,Society,134,130,188,146,88,157,136,98,119,464,154.7,-7,-24.2,-18.5,-23,872.2,755.6,544.4,744.4,722.2,1044.4,811.1,661.1,859.4
Gage Park,63,40000,People,740,866,965,731,512,775,654,638,704,2562,854,-5.7,-9.2,-3.7,-18,1937.5,1635,1595,1850,2165,2412.5,1827.5,1760,2135
Gage Park,63,40000,Property,955,1145,1098,1155,1000,957,720,769,1310,3398,1132.7,20.7,36.9,13.4,16,2392.5,1800,1922.5,2387.5,2862.5,2745,2887.5,3275,2831.8
Gage Park,63,40000,Society,275,371,445,335,198,430,350,287,268,1151,383.7,-22.1,-37.7,-20,-30,1075,875,717.5,687.5,927.5,1112.5,837.5,670,959.2
Clearing,64,24000,People,272,307,344,341,241,269,279,298,315,992,330.7,26.8,17.1,-7.6,-5,1120.8,1162.5,1241.7,1133.3,1279.2,1433.3,1420.8,1312.5,1377.9
Clearing,64,24000,Property,590,747,590,541,384,489,463,480,535,1878,626,10.6,9.4,-1.1,-15,2037.5,1929.2,2000,2458.3,3112.5,2458.3,2254.2,2229.2,2608.3
Clearing,64,24000,Society,146,194,164,169,105,183,118,155,135,527,175.7,-7.7,-26.2,-20.1,-23,762.5,491.7,645.8,608.3,808.3,683.3,704.2,562.5,732.1
West Lawn,65,34000,People,467,461,538,486,363,501,373,427,487,1485,495,-3,-2.8,0.2,-2,1473.5,1097.1,1255.9,1373.5,1355.9,1582.4,1429.4,1432.4,1455.9
West Lawn,65,34000,Property,957,1165,1203,1000,722,950,708,696,969,3368,1122.7,5.3,2,-3.1,-14,2794.1,2082.4,2047.1,2814.7,3426.5,3538.2,2941.2,2850,3302.1
West Lawn,65,34000,Society,192,234,256,249,170,245,180,145,220,739,246.3,1.6,-10.2,-11.6,-11,720.6,529.4,426.5,564.7,688.2,752.9,732.4,647.1,724.4
Chicago Lawn,66,56000,People,1806,1917,2040,1806,1209,2173,1870,1842,1663,5763,1921,-16.9,-23.5,-7.9,-13,3880.4,3339.3,3289.3,3225,3423.2,3642.9,3225,2969.6,3430.4
Chicago Lawn,66,56000,Property,2255,2546,2199,1965,1430,2310,2150,1966,1923,6710,2236.7,-14.9,-16.8,-2.1,-14,4125,3839.3,3510.7,4026.8,4546.4,3926.8,3508.9,3433.9,3994.1
Chicago Lawn,66,56000,Society,783,821,1077,980,668,1046,877,818,897,2878,959.3,-6.3,-14.2,-8.5,-6,1867.9,1566.1,1460.7,1398.2,1466.1,1923.2,1750,1601.8,1713
West Englewood,67,30000,People,1867,1776,1816,1653,1160,2732,2329,2069,1584,5245,1748.3,-39.5,-42,-4.2,-9,9106.7,7763.3,6896.7,6223.3,5920,6053.3,5510,5280,5827.7
West Englewood,67,30000,Property,2048,2047,1805,1681,1308,2356,2129,1875,1754,5533,1844.3,-28.7,-25.6,4.3,-5,7853.3,7096.7,6250,6826.7,6823.3,6016.7,5603.3,5846.7,6147.7
West Englewood,67,30000,Society,860,986,1027,940,721,1543,1228,1025,958,2953,984.3,-39.1,-37.9,1.9,-3,5143.3,4093.3,3416.7,2866.7,3286.7,3423.3,3133.3,3193.3,3281
Englewood,68,24000,People,1987,2047,2152,2007,1342,2500,2157,2038,1847,6206,2068.7,-19.7,-26.1,-8,-11,10416.7,8987.5,8491.7,8279.2,8529.2,8966.7,8362.5,7695.8,8619.6
Englewood,68,24000,Property,1948,2184,2073,1904,1197,2082,1839,1706,1668,6161,2053.7,-8.5,-19.9,-12.4,-19,8675,7662.5,7108.3,8116.7,9100,8637.5,7933.3,6950,8557.1
Englewood,68,24000,Society,809,884,1009,1069,695,1455,1180,1009,960,2962,987.3,-26.5,-34,-10.2,-3,6062.5,4916.7,4204.2,3370.8,3683.3,4204.2,4454.2,4000,4113.8
Greater Grand Crossing,69,31000,People,2260,2498,2506,2477,1845,2786,2358,2398,2488,7481,2493.7,-11.1,-10.7,0.4,-0,8987.1,7606.5,7735.5,7290.3,8058.1,8083.9,7990.3,8025.8,8044.2
Greater Grand Crossing,69,31000,Property,2794,3212,2789,2531,1807,2565,2466,2266,2492,8532,2844,-1.3,-2.8,-1.5,-12,8274.2,7954.8,7309.7,9012.9,10361.3,8996.8,8164.5,8038.7,9174.2
Greater Grand Crossing,69,31000,Society,921,1056,1221,1103,904,1414,1134,984,1159,3380,1126.7,-22,-18,5.1,3,4561.3,3658.1,3174.2,2971,3406.5,3938.7,3558.1,3738.7,3634.5
Lincoln Park,7,70000,People,615,717,686,672,505,772,513,591,670,2075,691.7,-13,-13.2,-0.3,-3,1102.9,732.9,844.3,878.6,1024.3,980,960,957.1,988.1
Lincoln Park,7,70000,Property,2663,2958,3372,2939,2123,3245,2145,2213,2903,9269,3089.7,-9.4,-10.5,-1.2,-6,4635.7,3064.3,3161.4,3804.3,4225.7,4817.1,4198.6,4147.1,4413.9
Lincoln Park,7,70000,Society,276,265,258,302,198,304,211,206,275,825,275,-0.7,-9.5,-8.9,0,434.3,301.4,294.3,394.3,378.6,368.6,431.4,392.9,392.9
Ashburn,70,41000,People,657,731,720,690,470,765,626,569,665,2141,713.7,-9.8,-13.1,-3.6,-7,1865.9,1526.8,1387.8,1602.4,1782.9,1756.1,1682.9,1622,1740.7
Ashburn,70,41000,Property,1100,1391,1388,1038,722,1227,974,946,1009,3817,1272.3,-15.4,-17.8,-2.8,-21,2992.7,2375.6,2307.3,2682.9,3392.7,3385.4,2531.7,2461,3103.2
Ashburn,70,41000,Society,245,320,317,288,209,360,300,299,269,925,308.3,-20,-25.3,-6.6,-13,878,731.7,729.3,597.6,780.5,773.2,702.4,656.1,752
Auburn Gresham,71,45000,People,2327,2463,2500,2233,1564,2916,2355,2341,2091,7196,2398.7,-23.4,-28.3,-6.4,-13,6480,5233.3,5202.2,5171.1,5473.3,5555.6,4962.2,4646.7,5330.4
Auburn Gresham,71,45000,Property,3006,3309,2971,2902,1966,2989,2729,2671,2783,9182,3060.7,-2.9,-6.9,-4.1,-9,6642.2,6064.4,5935.6,6680,7353.3,6602.2,6448.9,6184.4,6801.6
Auburn Gresham,71,45000,Society,988,1121,1180,979,759,1728,1179,1046,997,3280,1093.3,-43.3,-42.3,1.8,-9,3840,2620,2324.4,2195.6,2491.1,2622.2,2175.6,2215.6,2429.6
Beverly,72,20000,People,202,244,204,269,237,194,177,216,302,717,239,38.7,55.7,12.3,26,970,885,1080,1010,1220,1020,1345,1510,1195
Beverly,72,20000,Property,571,618,556,578,383,597,541,459,568,1752,584,-3.2,-4.9,-1.7,-3,2985,2705,2295,2855,3090,2780,2890,2840,2920
Beverly,72,20000,Society,128,156,157,142,101,136,138,122,134,455,151.7,4.4,-1.5,-5.6,-12,680,690,610,640,780,785,710,670,758.5
Washington Heights,73,25000,People,933,985,918,840,587,1080,911,890,800,2743,914.3,-22.2,-25.9,-4.8,-13,4320,3644,3560,3732,3940,3672,3360,3200,3657.2
Washington Heights,73,25000,Property,1592,1845,1627,1456,878,1491,1328,1184,1261,4928,1642.7,-2.3,-15.4,-13.4,-23,5964,5312,4736,6368,7380,6508,5824,5044,6570.8
Washington Heights,73,25000,Society,421,419,525,508,333,654,437,479,450,1452,484,-22.3,-31.2,-11.4,-7,2616,1748,1916,1684,1676,2100,2032,1800,1936
Mount Greenwood,74,19000,People,156,153,154,170,105,119,118,117,144,477,159,42.9,21,-15.3,-9,626.3,621.1,615.8,821.1,805.3,810.5,894.7,757.9,836.8
Mount Greenwood,74,19000,Property,285,303,306,278,193,259,310,310,282,887,295.7,7.3,8.9,1.4,-5,1363.2,1631.6,1631.6,1500,1594.7,1610.5,1463.2,1484.2,1556.3
Mount Greenwood,74,19000,Society,99,91,90,79,61,95,90,79,81,260,86.7,-16.8,-14.7,2.5,-7,500,473.7,415.8,521.1,478.9,473.7,415.8,426.3,456.3
Morgan Park,75,21000,People,530,609,648,589,414,591,535,550,573,1846,615.3,-0.3,-3,-2.7,-7,2814.3,2547.6,2619,2523.8,2900,3085.7,2804.8,2728.6,2930
Morgan Park,75,21000,Property,980,1062,992,963,666,902,907,903,911,3017,1005.7,6.8,1,-5.4,-9,4295.2,4319,4300,4666.7,5057.1,4723.8,4585.7,4338.1,4789
Morgan Park,75,21000,Society,274,299,372,317,196,385,252,300,280,988,329.3,-17.7,-27.3,-11.7,-15,1833.3,1200,1428.6,1304.8,1423.8,1771.4,1509.5,1333.3,1568.1
Ohare,76,13000,People,350,357,395,334,244,325,241,343,333,1086,362,2.8,2.5,-0.3,-8,2500,1853.8,2638.5,2692.3,2746.2,3038.5,2569.2,2561.5,2784.6
Ohare,76,13000,Property,943,1024,1007,931,554,1016,609,757,741,2962,987.3,-8.4,-27.1,-20.4,-25,7815.4,4684.6,5823.1,7253.8,7876.9,7746.2,7161.5,5700,7594.6
Ohare,76,13000,Society,550,492,294,417,254,349,366,403,368,1203,401,19.5,5.4,-11.8,-8,2684.6,2815.4,3100,4230.8,3784.6,2261.5,3207.7,2830.8,3084.6
Edgewater,77,56000,People,903,864,996,874,643,715,686,805,855,2734,911.3,22.2,19.6,-2.2,-6,1276.8,1225,1437.5,1612.5,1542.9,1778.6,1560.7,1526.8,1627.3
Edgewater,77,56000,Property,1754,2137,2199,1785,1162,1519,1450,1459,1521,6121,2040.3,17.5,0.1,-14.8,-25,2712.5,2589.3,2605.4,3132.1,3816.1,3926.8,3187.5,2716.1,3643.4
Edgewater,77,56000,Society,245,348,380,364,217,280,211,208,319,1092,364,30,13.9,-12.4,-12,500,376.8,371.4,437.5,621.4,678.6,650,569.6,650
Edison Park,9,12000,People,76,64,49,69,33,75,49,65,64,182,60.7,-8,-14.7,-7.2,5,625,408.3,541.7,633.3,533.3,408.3,575,533.3,505.8
Edison Park,9,12000,Property,174,167,199,165,67,153,184,147,106,531,177,7.8,-30.7,-35.8,-40,1275,1533.3,1225,1450,1391.7,1658.3,1375,883.3,1475
Edison Park,9,12000,Society,53,63,37,45,29,41,35,32,37,145,48.3,9.8,-9.8,-17.8,-23,341.7,291.7,266.7,441.7,525,308.3,375,308.3,402.5
NA,0,NA,People,280,319,260,266,220,0,0,0,283,845,281.7,NA,NA,6.4,0,NA,NA,NA,NA,NA,NA,NA,NA,NA
NA,0,NA,Property,27,37,43,35,28,0,0,0,43,115,38.3,NA,NA,22.9,12,NA,NA,NA,NA,NA,NA,NA,NA,NA
NA,0,NA,Society,21,22,31,19,28,0,0,0,34,72,24,NA,NA,78.9,42,NA,NA,NA,NA,NA,NA,NA,NA,NA
NA,Unknown,NA,People,12,2,1,2,0,0,2,0,0,5,1.7,NA,NA,-100,-100,NA,NA,NA,NA,NA,NA,NA,NA,NA
NA,Unknown,NA,Property,13,14,6,5,1,0,0,0,4,25,8.3,NA,NA,-20,-52,NA,NA,NA,NA,NA,NA,NA,NA,NA
NA,Unknown,NA,Society,6,3,0,2,0,0,0,0,1,5,1.7,NA,NA,-50,-41,NA,NA,NA,NA,NA,NA,NA,NA,NA
