community,community_area,population,category,description,total23,total24,total25,total26,total22,total20,total19,total21,last12mos,total_prior3years,avg_prior3years,inc_19to25,inc_19tolast12,inc_25tolast12,inc_prior3yearavgtolast12,rate19,rate20,rate21,rate22,rate23,rate24,rate25,rate_last12,rate_prior3years
Douglas,35,20000,Theft,RETAIL THEFT,37,85,55,40,56,51,133,50,60,177,59,-58.6,-54.9,9.1,2,665,255,250,280,185,425,275,300,295
Fuller Park,37,3000,Theft,RETAIL THEFT,13,15,19,16,17,17,30,6,22,47,15.7,-36.7,-26.7,15.8,40,1000,566.7,200,566.7,433.3,500,633.3,733.3,523.3
Grand Boulevard,38,25000,Theft,RETAIL THEFT,31,78,79,60,27,40,98,30,84,188,62.7,-19.4,-14.3,6.3,34,392,160,120,108,124,312,316,336,250.8
Kenwood,39,19000,Theft,RETAIL THEFT,17,38,40,29,18,12,55,30,36,95,31.7,-27.3,-34.5,-10,14,289.5,63.2,157.9,94.7,89.5,200,210.5,189.5,166.8
Lincoln Square,4,40000,Theft,RETAIL THEFT,38,90,119,137,67,48,87,76,170,247,82.3,36.8,95.4,42.9,107,217.5,120,190,167.5,95,225,297.5,425,205.8
Washington Park,40,13000,Theft,RETAIL THEFT,5,5,6,4,3,8,20,7,5,16,5.3,-70,-75,-16.7,-6,153.8,61.5,53.8,23.1,38.5,38.5,46.2,38.5,40.8
Hyde Park,41,29000,Theft,RETAIL THEFT,121,214,315,67,131,62,83,73,122,650,216.7,279.5,47,-61.3,-44,286.2,213.8,251.7,451.7,417.2,737.9,1086.2,420.7,747.2
Woodlawn,42,24000,Theft,RETAIL THEFT,26,37,63,50,18,33,80,26,63,126,42,-21.2,-21.2,0,50,333.3,137.5,108.3,75,108.3,154.2,262.5,262.5,175
Rogers Park,1,55000,Theft,RETAIL THEFT,301,392,296,154,330,121,253,162,206,989,329.7,17,-18.6,-30.4,-38,460,220,294.5,600,547.3,712.7,538.2,374.5,599.5
Jefferson Park,11,26000,Theft,RETAIL THEFT,16,27,17,25,20,23,15,9,29,60,20,13.3,93.3,70.6,45,57.7,88.5,34.6,76.9,61.5,103.8,65.4,111.5,76.9
Forest Glen,12,20000,Theft,RETAIL THEFT,4,1,1,0,1,2,7,4,1,6,2,-85.7,-85.7,0,-50,35,10,20,5,20,5,5,5,10
North Park,13,18000,Theft,RETAIL THEFT,46,115,149,57,52,42,33,32,98,310,103.3,351.5,197,-34.2,-5,183.3,233.3,177.8,288.9,255.6,638.9,827.8,544.4,573.9
Albany Park,14,48000,Theft,RETAIL THEFT,70,115,114,85,65,64,52,79,110,299,99.7,119.2,111.5,-3.5,10,108.3,133.3,164.6,135.4,145.8,239.6,237.5,229.2,207.7
Portage Park,15,63000,Theft,RETAIL THEFT,199,336,402,240,104,94,115,91,353,937,312.3,249.6,207,-12.2,13,182.5,149.2,144.4,165.1,315.9,533.3,638.1,560.3,495.7
Irving Park,16,52000,Theft,RETAIL THEFT,53,106,56,35,65,54,58,85,47,215,71.7,-3.4,-19,-16.1,-34,111.5,103.8,163.5,125,101.9,203.8,107.7,90.4,137.9
Dunning,17,43000,Theft,RETAIL THEFT,33,30,27,57,26,8,25,12,59,90,30,8,136,118.5,97,58.1,18.6,27.9,60.5,76.7,69.8,62.8,137.2,69.8
Montclare,18,14000,Theft,RETAIL THEFT,40,71,50,13,16,11,15,13,18,161,53.7,233.3,20,-64,-66,107.1,78.6,92.9,114.3,285.7,507.1,357.1,128.6,383.6
Belmont Cragin,19,78000,Theft,RETAIL THEFT,297,442,355,244,215,114,183,104,312,1094,364.7,94,70.5,-12.1,-14,234.6,146.2,133.3,275.6,380.8,566.7,455.1,400,467.6
West Ridge,2,77000,Theft,RETAIL THEFT,89,157,169,72,69,68,83,38,103,415,138.3,103.6,24.1,-39.1,-26,107.8,88.3,49.4,89.6,115.6,203.9,219.5,133.8,179.6
Hermosa,20,24000,Theft,RETAIL THEFT,38,79,64,29,95,33,57,73,46,181,60.3,12.3,-19.3,-28.1,-24,237.5,137.5,304.2,395.8,158.3,329.2,266.7,191.7,251.2
Avondale,21,36000,Theft,RETAIL THEFT,223,456,389,262,138,96,142,96,355,1068,356,173.9,150,-8.7,-0,394.4,266.7,266.7,383.3,619.4,1266.7,1080.6,986.1,988.9
Logan Square,22,72000,Theft,RETAIL THEFT,372,675,620,409,255,223,257,243,568,1667,555.7,141.2,121,-8.4,2,356.9,309.7,337.5,354.2,516.7,937.5,861.1,788.9,771.8
Humboldt Park,23,54000,Theft,RETAIL THEFT,65,143,145,61,42,80,133,41,81,353,117.7,9,-39.1,-44.1,-31,246.3,148.1,75.9,77.8,120.4,264.8,268.5,150,218
West Town,24,88000,Theft,RETAIL THEFT,307,474,483,329,421,266,313,279,461,1264,421.3,54.3,47.3,-4.6,9,355.7,302.3,317,478.4,348.9,538.6,548.9,523.9,478.8
Austin,25,97000,Theft,RETAIL THEFT,147,354,446,184,178,133,304,150,246,947,315.7,46.7,-19.1,-44.8,-22,313.4,137.1,154.6,183.5,151.5,364.9,459.8,253.6,325.5
West Garfield Park,26,17000,Theft,RETAIL THEFT,13,10,8,8,16,36,49,26,9,31,10.3,-83.7,-81.6,12.5,-13,288.2,211.8,152.9,94.1,76.5,58.8,47.1,52.9,60.6
East Garfield Park,27,20000,Theft,RETAIL THEFT,11,20,6,1,3,7,25,6,3,37,12.3,-76,-88,-50,-76,125,35,30,15,55,100,30,15,61.5
Near West Side,28,68000,Theft,RETAIL THEFT,606,832,830,578,622,434,740,395,803,2268,756,12.2,8.5,-3.3,6,1088.2,638.2,580.9,914.7,891.2,1223.5,1220.6,1180.9,1111.8
North Lawndale,29,35000,Theft,RETAIL THEFT,89,68,23,7,88,41,81,36,13,180,60,-71.6,-84,-43.5,-78,231.4,117.1,102.9,251.4,254.3,194.3,65.7,37.1,171.4
Uptown,3,57000,Theft,RETAIL THEFT,248,343,342,244,178,125,162,91,320,933,311,111.1,97.5,-6.4,3,284.2,219.3,159.6,312.3,435.1,601.8,600,561.4,545.6
South Lawndale,30,71000,Theft,RETAIL THEFT,71,121,84,85,28,50,73,47,109,276,92,15.1,49.3,29.8,18,102.8,70.4,66.2,39.4,100,170.4,118.3,153.5,129.6
Lower West Side,31,34000,Theft,RETAIL THEFT,46,136,97,42,44,107,108,40,62,279,93,-10.2,-42.6,-36.1,-33,317.6,314.7,117.6,129.4,135.3,400,285.3,182.4,273.5
Near South Side,33,29000,Theft,RETAIL THEFT,30,33,21,16,64,38,38,23,17,84,28,-44.7,-55.3,-19,-39,131,131,79.3,220.7,103.4,113.8,72.4,58.6,96.6
Armour Square,34,14000,Theft,RETAIL THEFT,57,52,40,79,18,32,33,14,92,149,49.7,21.2,178.8,130,85,235.7,228.6,100,128.6,407.1,371.4,285.7,657.1,355
Norwood Park,10,38000,Theft,RETAIL THEFT,29,42,55,23,26,21,25,34,31,126,42,120,24,-43.6,-26,65.8,55.3,89.5,68.4,76.3,110.5,144.7,81.6,110.5
Near North Side,8,105000,Theft,RETAIL THEFT,1495,1489,1804,1325,1407,724,1473,894,1872,4788,1596,22.5,27.1,3.8,17,1402.9,689.5,851.4,1340,1423.8,1418.1,1718.1,1782.9,1520
Loop,32,42000,Theft,RETAIL THEFT,1343,1350,1321,837,1114,661,1635,815,1145,4014,1338,-19.2,-30,-13.3,-14,3892.9,1573.8,1940.5,2652.4,3197.6,3214.3,3145.2,2726.2,3185.7
South Shore,43,54000,Theft,RETAIL THEFT,43,86,122,82,56,112,136,52,115,251,83.7,-10.3,-15.4,-5.7,37,251.9,207.4,96.3,103.7,79.6,159.3,225.9,213,155
Chatham,44,32000,Theft,RETAIL THEFT,118,164,285,108,168,138,339,125,130,567,189,-15.9,-61.7,-54.4,-31,1059.4,431.3,390.6,525,368.8,512.5,890.6,406.2,590.6
Avalon Park,45,9000,Theft,RETAIL THEFT,13,43,13,14,15,13,12,10,16,69,23,8.3,33.3,23.1,-30,133.3,144.4,111.1,166.7,144.4,477.8,144.4,177.8,255.6
South Chicago,46,27000,Theft,RETAIL THEFT,131,107,17,7,58,26,75,54,9,255,85,-77.3,-88,-47.1,-89,277.8,96.3,200,214.8,485.2,396.3,63,33.3,314.8
Burnside,47,3000,Theft,RETAIL THEFT,0,1,0,0,0,0,0,0,0,1,0.3,NA,NA,NA,-100,0,0,0,0,0,33.3,0,0,10
Mckinley Park,59,16000,Theft,RETAIL THEFT,87,170,135,91,41,25,43,26,124,392,130.7,214,188.4,-8.1,-5,268.8,156.2,162.5,256.2,543.8,1062.5,843.8,775,816.9
Lake View,6,103000,Theft,RETAIL THEFT,509,774,776,543,565,389,463,366,747,2059,686.3,67.6,61.3,-3.7,9,449.5,377.7,355.3,548.5,494.2,751.5,753.4,725.2,666.3
Calumet Heights,48,13000,Theft,RETAIL THEFT,22,28,10,7,11,12,24,16,9,60,20,-58.3,-62.5,-10,-55,184.6,92.3,123.1,84.6,169.2,215.4,76.9,69.2,153.8
Roseland,49,39000,Theft,RETAIL THEFT,39,73,85,45,21,51,66,30,64,197,65.7,28.8,-3,-24.7,-3,169.2,130.8,76.9,53.8,100,187.2,217.9,164.1,168.5
North Center,5,35000,Theft,RETAIL THEFT,51,37,28,33,62,66,86,58,38,116,38.7,-67.4,-55.8,35.7,-2,245.7,188.6,165.7,177.1,145.7,105.7,80,108.6,110.6
Pullman,50,7000,Theft,RETAIL THEFT,33,129,89,83,19,39,93,17,104,251,83.7,-4.3,11.8,16.9,24,1328.6,557.1,242.9,271.4,471.4,1842.9,1271.4,1485.7,1195.7
South Deering,51,14000,Theft,RETAIL THEFT,45,85,93,40,29,57,158,28,59,223,74.3,-41.1,-62.7,-36.6,-21,1128.6,407.1,200,207.1,321.4,607.1,664.3,421.4,530.7
East Side,52,22000,Theft,RETAIL THEFT,46,44,35,39,20,22,20,9,44,125,41.7,75,120,25.7,6,90.9,100,40.9,90.9,209.1,200,159.1,200,189.5
West Pullman,53,26000,Theft,RETAIL THEFT,32,21,18,15,10,23,33,29,19,71,23.7,-45.5,-42.4,5.6,-20,126.9,88.5,111.5,38.5,123.1,80.8,69.2,73.1,91.2
Riverdale,54,7000,Theft,RETAIL THEFT,0,0,1,0,0,0,0,0,0,1,0.3,NA,NA,-100,-100,0,0,0,0,0,0,14.3,0,4.3
Hegewisch,55,10000,Theft,RETAIL THEFT,14,39,49,35,24,7,17,25,41,102,34,188.2,141.2,-16.3,21,170,70,250,240,140,390,490,410,340
Garfield Ridge,56,35000,Theft,RETAIL THEFT,30,31,31,15,39,60,131,60,19,92,30.7,-76.3,-85.5,-38.7,-38,374.3,171.4,171.4,111.4,85.7,88.6,88.6,54.3,87.7
Archer Heights,57,14000,Theft,RETAIL THEFT,101,199,255,131,66,54,70,54,200,555,185,264.3,185.7,-21.6,8,500,385.7,385.7,471.4,721.4,1421.4,1821.4,1428.6,1321.4
Brighton Park,58,45000,Theft,RETAIL THEFT,94,82,59,55,53,40,48,38,67,235,78.3,22.9,39.6,13.6,-14,106.7,88.9,84.4,117.8,208.9,182.2,131.1,148.9,174
Bridgeport,60,34000,Theft,RETAIL THEFT,18,24,36,35,15,9,22,13,43,78,26,63.6,95.5,19.4,65,64.7,26.5,38.2,44.1,52.9,70.6,105.9,126.5,76.5
New City,61,44000,Theft,RETAIL THEFT,183,183,106,100,132,125,167,74,116,472,157.3,-36.5,-30.5,9.4,-26,379.5,284.1,168.2,300,415.9,415.9,240.9,263.6,357.5
West Elsdon,62,18000,Theft,RETAIL THEFT,12,27,10,10,9,27,42,26,10,49,16.3,-76.2,-76.2,0,-39,233.3,150,144.4,50,66.7,150,55.6,55.6,90.6
Gage Park,63,40000,Theft,RETAIL THEFT,125,171,341,430,109,50,104,65,535,637,212.3,227.9,414.4,56.9,152,260,125,162.5,272.5,312.5,427.5,852.5,1337.5,530.8
Clearing,64,24000,Theft,RETAIL THEFT,20,13,23,7,14,17,14,8,8,56,18.7,64.3,-42.9,-65.2,-57,58.3,70.8,33.3,58.3,83.3,54.2,95.8,33.3,77.9
West Lawn,65,34000,Theft,RETAIL THEFT,100,211,278,136,90,119,198,70,208,589,196.3,40.4,5.1,-25.2,6,582.4,350,205.9,264.7,294.1,620.6,817.6,611.8,577.4
Chicago Lawn,66,56000,Theft,RETAIL THEFT,121,98,167,84,129,77,116,59,106,386,128.7,44,-8.6,-36.5,-18,207.1,137.5,105.4,230.4,216.1,175,298.2,189.3,229.8
West Englewood,67,30000,Theft,RETAIL THEFT,22,16,26,51,32,60,94,31,55,64,21.3,-72.3,-41.5,111.5,158,313.3,200,103.3,106.7,73.3,53.3,86.7,183.3,71
Englewood,68,24000,Theft,RETAIL THEFT,25,22,21,18,23,40,73,11,23,68,22.7,-71.2,-68.5,9.5,1,304.2,166.7,45.8,95.8,104.2,91.7,87.5,95.8,94.6
Greater Grand Crossing,69,31000,Theft,RETAIL THEFT,40,51,34,52,36,46,74,32,60,125,41.7,-54.1,-18.9,76.5,44,238.7,148.4,103.2,116.1,129,164.5,109.7,193.5,134.5
Lincoln Park,7,70000,Theft,RETAIL THEFT,394,795,665,488,434,253,342,224,653,1854,618,94.4,90.9,-1.8,6,488.6,361.4,320,620,562.9,1135.7,950,932.9,882.9
Ashburn,70,41000,Theft,RETAIL THEFT,50,65,33,41,32,20,46,14,43,148,49.3,-28.3,-6.5,30.3,-13,112.2,48.8,34.1,78,122,158.5,80.5,104.9,120.2
Auburn Gresham,71,45000,Theft,RETAIL THEFT,41,53,66,132,38,85,168,36,156,160,53.3,-60.7,-7.1,136.4,193,373.3,188.9,80,84.4,91.1,117.8,146.7,346.7,118.4
Beverly,72,20000,Theft,RETAIL THEFT,28,31,18,18,10,21,10,10,24,77,25.7,80,140,33.3,-7,50,105,50,50,140,155,90,120,128.5
Washington Heights,73,25000,Theft,RETAIL THEFT,57,219,65,43,26,60,99,44,50,341,113.7,-34.3,-49.5,-23.1,-56,396,240,176,104,228,876,260,200,454.8
Mount Greenwood,74,19000,Theft,RETAIL THEFT,27,22,25,20,16,10,20,9,26,74,24.7,25,30,4,5,105.3,52.6,47.4,84.2,142.1,115.8,131.6,136.8,130
Morgan Park,75,21000,Theft,RETAIL THEFT,65,100,168,63,72,57,107,88,94,333,111,57,-12.1,-44,-15,509.5,271.4,419,342.9,309.5,476.2,800,447.6,528.6
Ohare,76,13000,Theft,RETAIL THEFT,18,20,64,49,8,12,30,27,62,102,34,113.3,106.7,-3.1,82,230.8,92.3,207.7,61.5,138.5,153.8,492.3,476.9,261.5
Edgewater,77,56000,Theft,RETAIL THEFT,258,362,289,219,208,152,177,115,264,909,303,63.3,49.2,-8.7,-13,316.1,271.4,205.4,371.4,460.7,646.4,516.1,471.4,541.1
Edison Park,9,12000,Theft,RETAIL THEFT,1,0,0,1,1,2,2,0,1,1,0.3,-100,-50,NA,233,16.7,16.7,0,8.3,8.3,0,0,8.3,2.5
