category,total19,total20,total21,total22,total23,total24,total25,total26,last12mos,total_prior3years,avg_prior3years,inc_19to25,inc_19tolast12,inc_25tolast12,inc_prior3yearavgtolast12,rate19,rate20,rate21,rate22,rate23,rate24,rate25,rate_last12,rate_prior3years
Aggravated Assault,5841,6262,7243,7281,7717,7908,6588,4862,6350,22213,7404.3,12.8,8.7,-3.6,-14,219.2,235,271.8,273.3,289.6,296.8,247.3,238.3,277.9
Aggravated Battery,7852,8310,8336,7505,8091,8186,7118,5455,7073,23395,7798.3,-9.3,-9.9,-0.6,-9,294.7,311.9,312.9,281.7,303.7,307.2,267.1,265.5,292.7
Arson,376,588,529,422,513,481,374,287,376,1368,456,-0.5,0,0.5,-18,14.1,22.1,19.9,15.8,19.3,18.1,14,14.1,17.1
Burglary,9638,8757,6659,7595,7494,8436,9741,10546,13272,25671,8557,1.1,37.7,36.2,55,361.7,328.7,249.9,285,281.3,316.6,365.6,498.1,321.2
Criminal Sexual Abuse,1553,1127,1215,1440,1570,1447,1527,1172,1529,4544,1514.7,-1.7,-1.5,0.1,1,58.3,42.3,45.6,54,58.9,54.3,57.3,57.4,56.8
Criminal Sexual Assault,1892,1468,1701,1994,2041,1958,1956,1480,1935,5955,1985,3.4,2.3,-1.1,-3,71,55.1,63.8,74.8,76.6,73.5,73.4,72.6,74.5
Disorderly Conduct,2720,1248,671,817,1148,1318,1557,1471,1808,4023,1341,-42.8,-33.5,16.1,35,102.1,46.8,25.2,30.7,43.1,49.5,58.4,67.9,50.3
Drug Abuse,13241,6384,4429,3934,4656,5222,6620,4428,5856,16498,5499.3,-50,-55.8,-11.5,6,496.9,239.6,166.2,147.6,174.7,196,248.5,219.8,206.4
Embezzlement,44,21,28,36,57,41,24,15,16,122,40.7,-45.5,-63.6,-33.3,-61,1.7,0.8,1.1,1.4,2.1,1.5,0.9,0.6,1.5
Forgery & Counterfeiting,1577,1043,1014,2564,1850,1539,977,543,742,4366,1455.3,-38,-52.9,-24.1,-49,59.2,39.1,38.1,96.2,69.4,57.8,36.7,27.8,54.6
Fraud,18345,17883,16831,15013,16055,15348,14878,9697,13007,46281,15427,-18.9,-29.1,-12.6,-16,688.5,671.2,631.7,563.5,602.6,576,558.4,488.2,579
Gambling,143,26,13,10,15,22,14,17,20,51,17,-90.2,-86,42.9,18,5.4,1,0.5,0.4,0.6,0.8,0.5,0.8,0.6
Human Trafficking,15,5,9,16,15,23,18,25,29,56,18.7,20,93.3,61.1,55,0.6,0.2,0.3,0.6,0.6,0.9,0.7,1.1,0.7
Involuntary Manslaughter,10,9,6,7,6,4,5,3,5,15,5,-50,-50,0,0,0.4,0.3,0.2,0.3,0.2,0.2,0.2,0.2,0.2
Liquor License,232,143,184,204,186,196,200,171,216,582,194,-13.8,-6.9,8,11,8.7,5.4,6.9,7.7,7,7.4,7.5,8.1,7.3
Misc Non-Index Offense,26858,19562,19454,20969,22579,24262,24454,17695,23390,71295,23765,-9,-12.9,-4.4,-2,1008,734.2,730.1,787,847.4,910.6,917.8,877.9,891.9
Motor Vehicle Theft,8977,9959,10602,21476,29256,21713,17258,13780,18327,68227,22742.3,92.2,104.2,6.2,-19,336.9,373.8,397.9,806,1098,814.9,647.7,687.8,853.5
Murder,498,787,804,731,632,593,435,326,423,1660,553.3,-12.7,-15.1,-2.8,-24,18.7,29.5,30.2,27.4,23.7,22.3,16.3,15.9,20.8
Obscenity,0,0,0,2,1,15,19,20,26,35,11.7,Inf,Inf,36.8,122,0,0,0,0.1,0,0.6,0.7,1,0.4
Offenses Against Family,1304,903,927,975,933,784,699,531,686,2416,805.3,-46.4,-47.4,-1.9,-15,48.9,33.9,34.8,36.6,35,29.4,26.2,25.7,30.2
Prostitution,762,340,173,371,271,366,247,149,208,884,294.7,-67.6,-72.7,-15.8,-29,28.6,12.8,6.5,13.9,10.2,13.7,9.3,7.8,11.1
Robbery,7995,7855,7918,8971,11059,9120,5816,3584,4839,25995,8665,-27.3,-39.5,-16.8,-44,300.1,294.8,297.2,336.7,415.1,342.3,218.3,181.6,325.2
Simple Assault,14975,12174,13373,13902,15353,15978,15428,11415,14968,46759,15586.3,3,-0,-3,-4,562,456.9,501.9,521.8,576.2,599.7,579,561.8,585
Simple Battery,41665,33204,32125,33493,36212,38002,35544,26865,35233,109758,36586,-14.7,-15.4,-0.9,-4,1563.7,1246.2,1205.7,1257,1359.1,1426.3,1334,1322.3,1373.1
Stolen Property,43,59,25,77,62,64,60,37,54,186,62,39.5,25.6,-10,-13,1.6,2.2,0.9,2.9,2.3,2.4,2.3,2,2.3
Theft,47804,30569,27764,34789,36744,42503,41242,28535,38345,120489,40163,-13.7,-19.8,-7,-5,1794.1,1147.3,1042,1305.7,1379,1595.2,1547.9,1439.1,1507.4
Theft Over $500,14687,10752,13034,20116,20783,18057,13959,9312,12520,52799,17599.7,-5,-14.8,-10.3,-29,551.2,403.5,489.2,755,780,677.7,523.9,469.9,660.5
Vandalism,25717,24173,24594,26827,29736,28027,25643,18815,25218,83406,27802,-0.3,-1.9,-1.7,-9,965.2,907.2,923,1006.8,1116,1051.9,962.4,946.5,1043.4
Weapons Violation,6559,8581,9157,8963,8817,8040,5726,4106,5172,22583,7527.7,-12.7,-21.1,-9.7,-31,246.2,322.1,343.7,336.4,330.9,301.8,214.9,194.1,282.5
