category,description,total19,total20,total21,total22,total23,total24,total25,total26,last12mos,total_prior3years,avg_prior3years,inc_19to25,inc_19tolast12,inc_25tolast12,inc_prior3yearavgtolast12,rate19,rate20,rate21,rate22,rate23,rate24,rate25,rate_last12,rate_prior3years
Aggravated Assault,AGG PRO.EMP: HANDGUN,33,7,0,0,0,0,0,0,0,0,0,-100,-100,NA,NA,1.2,0.3,0,0,0,0,0,0,0
Aggravated Assault,AGG PRO.EMP: OTHER DANG WEAPON,49,5,0,0,0,0,0,0,0,0,0,-100,-100,NA,NA,1.8,0.2,0,0,0,0,0,0,0
Aggravated Assault,AGG PRO.EMP: OTHER FIREARM,8,1,0,0,0,0,0,0,0,0,0,-100,-100,NA,NA,0.3,0,0,0,0,0,0,0,0
Aggravated Assault,AGG PRO.EMP:KNIFE/CUTTING INST,51,12,0,0,0,0,0,0,0,0,0,-100,-100,NA,NA,1.9,0.5,0,0,0,0,0,0,0
Aggravated Assault,AGGRAVATED - HANDGUN,171,3293,4607,4651,4680,4682,3722,2658,3571,13084,4361.3,2076.6,1988.3,-4.1,-18,6.4,123.6,172.9,174.6,175.6,175.7,139.7,134,163.7
Aggravated Assault,AGGRAVATED - KNIFE / CUTTING INSTRUMENT,5,1123,1294,1331,1603,1706,1537,1159,1521,4846,1615.3,30640,30320,-1,-6,0.2,42.1,48.6,50,60.2,64,57.7,57.1,60.6
Aggravated Assault,AGGRAVATED - OTHER DANGEROUS WEAPON,5,777,1039,978,1035,1107,992,720,934,3134,1044.7,19740,18580,-5.8,-11,0.2,29.2,39,36.7,38.8,41.5,37.2,35.1,39.2
Aggravated Assault,AGGRAVATED - OTHER FIREARM,3,96,139,149,187,191,173,115,157,551,183.7,5666.7,5133.3,-9.2,-15,0.1,3.6,5.2,5.6,7,7.2,6.5,5.9,6.9
Aggravated Assault,AGGRAVATED PO: HANDGUN,29,3,0,0,0,0,0,0,0,0,0,-100,-100,NA,NA,1.1,0.1,0,0,0,0,0,0,0
Aggravated Assault,AGGRAVATED PO: OTHER DANG WEAP,49,7,0,0,0,0,0,0,0,0,0,-100,-100,NA,NA,1.8,0.3,0,0,0,0,0,0,0
Aggravated Assault,AGGRAVATED PO: OTHER FIREARM,2,0,0,0,0,0,0,0,0,0,0,-100,-100,NA,NA,0.1,0,0,0,0,0,0,0,0
Aggravated Assault,AGGRAVATED PO:KNIFE/CUT INSTR,27,8,0,0,0,0,0,0,0,0,0,-100,-100,NA,NA,1,0.3,0,0,0,0,0,0,0
Aggravated Assault,AGGRAVATED POLICE OFFICER - HANDGUN,10,50,49,41,41,39,21,26,35,101,33.7,110,250,66.7,4,0.4,1.9,1.8,1.5,1.5,1.5,0.8,1.3,1.3
Aggravated Assault,AGGRAVATED POLICE OFFICER - KNIFE / CUTTING INSTRUMENT,0,21,5,5,6,10,13,4,5,29,9.7,NA,NA,-61.5,-48,0,0.8,0.2,0.2,0.2,0.4,0.5,0.2,0.4
Aggravated Assault,AGGRAVATED POLICE OFFICER - OTHER DANGEROUS WEAPON,0,55,32,44,46,46,34,27,32,126,42,NA,NA,-5.9,-24,0,2.1,1.2,1.7,1.7,1.7,1.3,1.2,1.6
Aggravated Assault,AGGRAVATED POLICE OFFICER - OTHER FIREARM,0,1,2,6,8,6,5,3,5,19,6.3,NA,NA,0,-21,0,0,0.1,0.2,0.3,0.2,0.2,0.2,0.2
Aggravated Assault,AGGRAVATED PROTECTED EMPLOYEE - HANDGUN,2,26,31,26,33,44,23,31,38,100,33.3,1050,1800,65.2,14,0.1,1,1.2,1,1.2,1.7,0.9,1.4,1.2
Aggravated Assault,AGGRAVATED PROTECTED EMPLOYEE - KNIFE / CUTTING INSTRUMENT,0,33,8,20,31,22,23,17,22,76,25.3,NA,NA,-4.3,-13,0,1.2,0.3,0.8,1.2,0.8,0.9,0.8,0.9
Aggravated Assault,AGGRAVATED PROTECTED EMPLOYEE - OTHER DANGEROUS WEAPON,1,39,34,24,39,52,39,34,43,130,43.3,3800,4200,10.3,-1,0,1.5,1.3,0.9,1.5,2,1.5,1.6,1.6
Aggravated Assault,AGGRAVATED PROTECTED EMPLOYEE - OTHER FIREARM,0,1,3,6,8,3,6,4,6,17,5.7,NA,NA,0,5,0,0,0.1,0.2,0.3,0.1,0.2,0.2,0.2
Aggravated Assault,AGGRAVATED: HANDGUN,2588,297,0,0,0,0,0,0,0,0,0,-100,-100,NA,NA,97.1,11.1,0,0,0,0,0,0,0
Aggravated Assault,AGGRAVATED: OTHER DANG WEAPON,1044,141,0,0,0,0,0,0,0,0,0,-100,-100,NA,NA,39.2,5.3,0,0,0,0,0,0,0
Aggravated Assault,AGGRAVATED: OTHER FIREARM,120,13,0,0,0,0,0,0,0,0,0,-100,-100,NA,NA,4.5,0.5,0,0,0,0,0,0,0
Aggravated Assault,AGGRAVATED:KNIFE/CUTTING INSTR,1644,253,0,0,0,0,0,0,0,0,0,-100,-100,NA,NA,61.7,9.5,0,0,0,0,0,0,0
Aggravated Battery,AGG PO HANDS ETC SERIOUS INJ,20,2,0,0,0,0,0,0,0,0,0,-100,-100,NA,NA,0.8,0.1,0,0,0,0,0,0,0
Aggravated Battery,AGG PRO EMP HANDS SERIOUS INJ,31,4,0,0,0,0,0,0,0,0,0,-100,-100,NA,NA,1.2,0.2,0,0,0,0,0,0,0
Aggravated Battery,AGG PRO.EMP: OTHER DANG WEAPON,75,9,0,0,0,0,0,0,0,0,0,-100,-100,NA,NA,2.8,0.3,0,0,0,0,0,0,0
Aggravated Battery,AGG PRO.EMP:KNIFE/CUTTING INST,9,0,0,0,0,0,0,0,0,0,0,-100,-100,NA,NA,0.3,0,0,0,0,0,0,0,0
Aggravated Battery,"AGG. DOMESTIC BATTERY - HANDS, FISTS, FEET, SERIOUS INJURY",8,558,744,811,1108,1008,995,859,1115,3111,1037,12337.5,13837.5,12.1,8,0.3,20.9,27.9,30.4,41.6,37.8,37.3,41.8,38.9
Aggravated Battery,"AGG. PROTECTED EMPLOYEE - HANDS, FISTS, FEET, SERIOUS INJURY",2,27,29,43,56,43,59,52,69,158,52.7,2850,3350,16.9,31,0.1,1,1.1,1.6,2.1,1.6,2.2,2.6,2
Aggravated Battery,"AGG. RITUAL MUTILATION - HANDS, FISTS, FEET, SERIOUS INJURY",0,1,0,0,0,0,0,0,0,0,0,NA,NA,NA,NA,0,0,0,0,0,0,0,0,0
Aggravated Battery,AGG: HANDS/FIST/FEET SERIOUS INJURY,139,12,0,0,0,0,0,0,0,0,0,-100,-100,NA,NA,5.2,0.5,0,0,0,0,0,0,0
Aggravated Battery,AGGRAVATED - HANDGUN,623,2375,2667,2107,1773,1657,1063,787,1012,4493,1497.7,70.6,62.4,-4.8,-32,23.4,89.1,100.1,79.1,66.5,62.2,39.9,38,56.2
Aggravated Battery,"AGGRAVATED - HANDS, FISTS, FEET, SERIOUS INJURY",3,100,136,130,167,190,232,136,191,589,196.3,7633.3,6266.7,-17.7,-3,0.1,3.8,5.1,4.9,6.3,7.1,8.7,7.2,7.4
Aggravated Battery,AGGRAVATED - KNIFE / CUTTING INSTRUMENT,17,717,789,696,895,876,807,581,778,2578,859.3,4647.1,4476.5,-3.6,-9,0.6,26.9,29.6,26.1,33.6,32.9,30.3,29.2,32.3
Aggravated Battery,AGGRAVATED - OTHER DANGEROUS WEAPON,25,1618,1687,1623,1836,2023,1767,1348,1761,5626,1875.3,6968,6944,-0.3,-6,0.9,60.7,63.3,60.9,68.9,75.9,66.3,66.1,70.4
Aggravated Battery,AGGRAVATED - OTHER FIREARM,3,10,16,12,14,15,13,3,7,42,14,333.3,133.3,-46.2,-50,0.1,0.4,0.6,0.5,0.5,0.6,0.5,0.3,0.5
Aggravated Battery,AGGRAVATED DOMESTIC BATTERY - HANDGUN,7,25,23,11,27,9,11,15,15,47,15.7,57.1,114.3,36.4,-4,0.3,0.9,0.9,0.4,1,0.3,0.4,0.6,0.6
Aggravated Battery,AGGRAVATED DOMESTIC BATTERY - KNIFE / CUTTING INSTRUMENT,8,603,608,489,537,535,465,350,458,1537,512.3,5712.5,5625,-1.5,-11,0.3,22.6,22.8,18.4,20.2,20.1,17.5,17.2,19.2
Aggravated Battery,AGGRAVATED DOMESTIC BATTERY - OTHER DANGEROUS WEAPON,10,991,1077,974,987,977,880,632,844,2844,948,8700,8340,-4.1,-11,0.4,37.2,40.4,36.6,37,36.7,33,31.7,35.6
Aggravated Battery,AGGRAVATED DOMESTIC BATTERY - OTHER FIREARM,0,1,0,0,0,1,1,1,1,2,0.7,NA,NA,0,43,0,0,0,0,0,0,0,0,0
Aggravated Battery,AGGRAVATED DOMESTIC BATTERY: HANDGUN,11,0,0,0,0,0,0,0,0,0,0,-100,-100,NA,NA,0.4,0,0,0,0,0,0,0,0
Aggravated Battery,AGGRAVATED DOMESTIC BATTERY: HANDS/FIST/FEET SERIOUS INJURY,852,115,0,0,0,0,0,0,0,0,0,-100,-100,NA,NA,32,4.3,0,0,0,0,0,0,0
Aggravated Battery,AGGRAVATED DOMESTIC BATTERY: KNIFE / CUTTING INSTSTRUMENT,0,2,0,0,0,0,0,0,0,0,0,NA,NA,NA,NA,0,0.1,0,0,0,0,0,0,0
Aggravated Battery,AGGRAVATED DOMESTIC BATTERY: KNIFE/CUTTING INST,765,119,0,0,0,0,0,0,0,0,0,-100,-100,NA,NA,28.7,4.5,0,0,0,0,0,0,0
Aggravated Battery,AGGRAVATED DOMESTIC BATTERY: OTHER DANG WEAPON,1200,135,0,0,0,0,0,0,0,0,0,-100,-100,NA,NA,45,5.1,0,0,0,0,0,0,0
Aggravated Battery,AGGRAVATED DOMESTIC BATTERY: OTHER DANGEROUS WEAPON,0,3,0,0,0,0,0,0,0,0,0,NA,NA,NA,NA,0,0.1,0,0,0,0,0,0,0
Aggravated Battery,AGGRAVATED OF A CHILD,82,91,59,79,76,101,70,86,104,247,82.3,-14.6,26.8,48.6,26,3.1,3.4,2.2,3,2.9,3.8,2.6,3.9,3.1
Aggravated Battery,AGGRAVATED OF A SENIOR CITIZEN,284,279,313,331,391,503,486,328,464,1380,460,71.1,63.4,-4.5,1,10.7,10.5,11.7,12.4,14.7,18.9,18.2,17.4,17.3
Aggravated Battery,"AGGRAVATED P.O. - HANDS, FISTS, FEET, SERIOUS INJURY",2,23,57,64,87,95,92,91,116,274,91.3,4500,5700,26.1,27,0.1,0.9,2.1,2.4,3.3,3.6,3.5,4.4,3.4
Aggravated Battery,AGGRAVATED PO: HANDGUN,1,0,0,0,0,0,0,0,0,0,0,-100,-100,NA,NA,0,0,0,0,0,0,0,0,0
Aggravated Battery,AGGRAVATED PO: KNIFE/CUT INSTR,6,3,0,0,0,0,0,0,0,0,0,-100,-100,NA,NA,0.2,0.1,0,0,0,0,0,0,0
Aggravated Battery,AGGRAVATED PO: OTHER DANG WEAP,63,9,0,0,0,0,0,0,0,0,0,-100,-100,NA,NA,2.4,0.3,0,0,0,0,0,0,0
Aggravated Battery,AGGRAVATED PO: OTHER DANGEROUS WEAPON,0,1,0,0,0,0,0,0,0,0,0,NA,NA,NA,NA,0,0,0,0,0,0,0,0,0
Aggravated Battery,AGGRAVATED POLICE OFFICER - HANDGUN,2,6,5,8,1,2,1,3,3,4,1.3,-50,50,200,131,0.1,0.2,0.2,0.3,0,0.1,0,0.1,0
Aggravated Battery,AGGRAVATED POLICE OFFICER - KNIFE / CUTTING INSTRUMENT,1,7,0,3,4,5,4,1,4,13,4.3,300,300,0,-7,0,0.3,0,0.1,0.2,0.2,0.2,0.2,0.2
Aggravated Battery,AGGRAVATED POLICE OFFICER - OTHER DANGEROUS WEAPON,4,103,69,65,75,71,87,57,76,233,77.7,2075,1800,-12.6,-2,0.2,3.9,2.6,2.4,2.8,2.7,3.3,2.9,2.9
Aggravated Battery,AGGRAVATED POLICE OFFICER - OTHER FIREARM,0,0,1,0,0,0,0,0,0,0,0,NA,NA,NA,NA,0,0,0,0,0,0,0,0,0
Aggravated Battery,AGGRAVATED PROTECTED EMPLOYEE - HANDGUN,0,2,1,0,0,0,0,0,0,0,0,NA,NA,NA,NA,0,0.1,0,0,0,0,0,0,0
Aggravated Battery,AGGRAVATED PROTECTED EMPLOYEE - KNIFE / CUTTING INSTRUMENT,1,6,5,6,4,6,5,1,1,15,5,400,0,-80,-80,0,0.2,0.2,0.2,0.2,0.2,0.2,0,0.2
Aggravated Battery,AGGRAVATED PROTECTED EMPLOYEE - OTHER DANGEROUS WEAPON,2,54,50,53,53,69,80,48,63,202,67.3,3900,3050,-21.2,-6,0.1,2,1.9,2,2,2.6,3,2.4,2.5
Aggravated Battery,AGGRAVATED: HANDGUN,980,42,0,0,0,0,0,0,0,0,0,-100,-100,NA,NA,36.8,1.6,0,0,0,0,0,0,0
Aggravated Battery,AGGRAVATED: HANDS / FIST / FEET SERIOUS INJURY,0,1,0,0,0,0,0,0,0,0,0,NA,NA,NA,NA,0,0,0,0,0,0,0,0,0
Aggravated Battery,AGGRAVATED: KNIFE / CUTTING INSTRUMENT,0,1,0,0,0,0,0,0,0,0,0,NA,NA,NA,NA,0,0,0,0,0,0,0,0,0
Aggravated Battery,AGGRAVATED: OTHER DANG WEAPON,1802,167,0,0,0,0,0,0,0,0,0,-100,-100,NA,NA,67.6,6.3,0,0,0,0,0,0,0
Aggravated Battery,AGGRAVATED: OTHER DANGEROUS WEAPON,0,4,0,0,0,0,0,0,0,0,0,NA,NA,NA,NA,0,0.2,0,0,0,0,0,0,0
Aggravated Battery,AGGRAVATED: OTHER FIREARM,3,1,0,0,0,0,0,0,0,0,0,-100,-100,NA,NA,0.1,0,0,0,0,0,0,0,0
Aggravated Battery,AGGRAVATED:KNIFE/CUTTING INSTR,811,83,0,0,0,0,0,0,0,0,0,-100,-100,NA,NA,30.4,3.1,0,0,0,0,0,0,0
Arson,AGGRAVATED,59,44,45,35,43,24,23,23,33,90,30,-61,-44.1,43.5,10,2.2,1.7,1.7,1.3,1.6,0.9,0.9,1.2,1.1
Arson,ATTEMPT ARSON,51,63,63,41,65,58,60,33,47,183,61,17.6,-7.8,-21.7,-23,1.9,2.4,2.4,1.5,2.4,2.2,2.3,1.8,2.3
Arson,BY EXPLOSIVE,3,5,17,9,4,7,8,11,12,19,6.3,166.7,300,50,90,0.1,0.2,0.6,0.3,0.2,0.3,0.3,0.5,0.2
Arson,BY FIRE,260,472,395,333,394,388,271,214,278,1053,351,4.2,6.9,2.6,-21,9.8,17.7,14.8,12.5,14.8,14.6,10.2,10.4,13.2
Arson,POS: EXPLOSIVE/INCENDIARY DEV,3,0,0,0,0,0,0,0,0,0,0,-100,-100,NA,NA,0.1,0,0,0,0,0,0,0,0
Arson,POSSESSION - CHEMICAL / DRY-ICE DEVICE,0,0,0,0,0,0,1,0,1,1,0.3,NA,NA,0,233,0,0,0,0,0,0,0,0,0
Arson,POSSESSION - EXPLOSIVE / INCENDIARY DEVICE,0,4,9,4,7,4,11,5,6,22,7.3,NA,NA,-45.5,-18,0,0.2,0.3,0.2,0.3,0.2,0.4,0.2,0.3
Burglary,ATTEMPT FORCIBLE ENTRY,402,336,324,355,401,404,318,275,351,1123,374.3,-20.9,-12.7,10.4,-6,15.1,12.6,12.2,13.3,15,15.2,11.9,13.2,14
Burglary,BURGLARY FROM MOTOR VEHICLE,0,0,0,0,2,775,3528,6186,7476,4305,1435,NA,NA,111.9,421,0,0,0,0,0.1,29.1,132.4,280.6,53.9
Burglary,FORCIBLE ENTRY,5566,5558,3752,4171,4265,4313,3319,2271,3115,11897,3965.7,-40.4,-44,-6.1,-21,208.9,208.6,140.8,156.5,160.1,161.9,124.6,116.9,148.8
Burglary,HOME INVASION,232,260,284,299,234,247,235,159,234,716,238.7,1.3,0.9,-0.4,-2,8.7,9.8,10.7,11.2,8.8,9.3,8.8,8.8,9
Burglary,UNLAWFUL ENTRY,3438,2603,2299,2770,2592,2698,2340,1490,2075,7630,2543.3,-31.9,-39.6,-11.3,-18,129,97.7,86.3,104,97.3,101.3,87.8,77.9,95.5
Criminal Sexual Abuse,AGG CRIM SEX ABUSE - VIC 13-16 YOA - OFF 5 YR OLDER PENETRAT,0,0,0,1,2,2,15,13,18,19,6.3,NA,NA,20,186,0,0,0,0,0.1,0.1,0.6,0.7,0.2
Criminal Sexual Abuse,AGG CRIMINAL SEXUAL ABUSE,106,6,0,0,0,0,0,0,0,0,0,-100,-100,NA,NA,4,0.2,0,0,0,0,0,0,0
Criminal Sexual Abuse,AGGRAVATED CRIMINAL SEXUAL ABUSE,81,130,124,153,170,127,112,88,112,409,136.3,38.3,38.3,0,-18,3,4.9,4.7,5.7,6.4,4.8,4.2,4.2,5.1
Criminal Sexual Abuse,ATT AGG CRIMINAL SEXUAL ABUSE,5,0,0,0,0,0,0,0,0,0,0,-100,-100,NA,NA,0.2,0,0,0,0,0,0,0,0
Criminal Sexual Abuse,ATT CRIM SEXUAL ABUSE,30,2,0,0,0,0,0,0,0,0,0,-100,-100,NA,NA,1.1,0.1,0,0,0,0,0,0,0
Criminal Sexual Abuse,ATTEMPT AGGRAVATED CRIMINAL SEXUAL ABUSE,3,2,2,8,10,7,2,1,2,19,6.3,-33.3,-33.3,0,-68,0.1,0.1,0.1,0.3,0.4,0.3,0.1,0.1,0.2
Criminal Sexual Abuse,ATTEMPT CRIMINAL SEXUAL ABUSE,7,20,30,30,40,26,36,19,25,102,34,414.3,257.1,-30.6,-26,0.3,0.8,1.1,1.1,1.5,1,1.4,0.9,1.3
Criminal Sexual Abuse,BIGAMY,1,1,1,0,0,1,1,0,0,2,0.7,0,-100,-100,-100,0,0,0,0,0,0,0,0,0
Criminal Sexual Abuse,CHILD PORNOGRAPHY,161,131,110,156,131,109,126,42,76,366,122,-21.7,-52.8,-39.7,-38,6,4.9,4.1,5.9,4.9,4.1,4.7,2.9,4.6
Criminal Sexual Abuse,CRIM SEX ABUSE-PENETRATE - OFF < 5 YRS OLDER - VIC 13-16 YOA,0,0,0,1,0,2,10,7,9,12,4,NA,NA,-10,125,0,0,0,0,0,0.1,0.4,0.3,0.2
Criminal Sexual Abuse,CRIMINAL SEXUAL ABUSE,467,282,405,434,438,397,395,307,394,1230,410,-15.4,-15.6,-0.3,-4,17.5,10.6,15.2,16.3,16.4,14.9,14.8,14.8,15.4
Criminal Sexual Abuse,CRIMINAL SEXUAL ABUSE - SEXUAL PENETRATION,0,0,0,3,3,10,16,17,20,29,9.7,NA,NA,25,106,0,0,0,0.1,0.1,0.4,0.6,0.8,0.4
Criminal Sexual Abuse,CRIMINAL TRANSMISSION OF HIV,4,3,0,2,2,4,0,1,1,6,2,-100,-75,NA,-50,0.2,0.1,0,0.1,0.1,0.2,0,0,0.1
Criminal Sexual Abuse,FORNICATION,0,0,0,0,2,1,1,1,2,4,1.3,NA,NA,100,54,0,0,0,0,0.1,0,0,0.1,0
Criminal Sexual Abuse,INDECENT SOLICITATION OF A CHILD,8,19,26,22,39,22,26,16,21,87,29,225,162.5,-19.2,-28,0.3,0.7,1,0.8,1.5,0.8,1,0.8,1.1
Criminal Sexual Abuse,INDECENT SOLICITATION OF AN ADULT,1,2,4,2,3,6,4,3,4,13,4.3,300,300,0,-7,0,0.1,0.2,0.1,0.1,0.2,0.2,0.2,0.2
Criminal Sexual Abuse,INDECENT SOLICITATION/ADULT,3,1,0,0,0,0,0,0,0,0,0,-100,-100,NA,NA,0.1,0,0,0,0,0,0,0,0
Criminal Sexual Abuse,INDECENT SOLICITATION/CHILD,22,1,0,0,0,0,0,0,0,0,0,-100,-100,NA,NA,0.8,0,0,0,0,0,0,0,0
Criminal Sexual Abuse,LICENSED PREMISE,11,9,4,5,6,9,10,18,21,25,8.3,-9.1,90.9,110,153,0.4,0.3,0.2,0.2,0.2,0.3,0.4,0.8,0.3
Criminal Sexual Abuse,NON-CONSENSUAL DISSEMINATION OF PRIVATE SEXUAL IMAGES,17,183,175,255,300,289,316,250,345,905,301.7,1758.8,1929.4,9.2,14,0.6,6.9,6.6,9.6,11.3,10.8,11.9,12.9,11.3
Criminal Sexual Abuse,NON-CONSENSUAL DISSEMINATION PRIVATE SEXUAL IMAGES,209,20,0,0,0,0,0,0,0,0,0,-100,-100,NA,NA,7.8,0.8,0,0,0,0,0,0,0
Criminal Sexual Abuse,OBSCENE MATTER,34,40,32,32,26,37,23,15,21,86,28.7,-32.4,-38.2,-8.7,-27,1.3,1.5,1.2,1.2,1,1.4,0.9,0.8,1.1
Criminal Sexual Abuse,OBSCENE TELEPHONE CALLS,18,23,28,22,28,23,15,17,21,66,22,-16.7,16.7,40,-5,0.7,0.9,1.1,0.8,1.1,0.9,0.6,0.8,0.8
Criminal Sexual Abuse,OBSCENITY,2,5,5,7,6,5,8,5,7,19,6.3,300,250,-12.5,11,0.1,0.2,0.2,0.3,0.2,0.2,0.3,0.3,0.2
Criminal Sexual Abuse,OTHER,117,88,87,102,128,119,81,73,93,328,109.3,-30.8,-20.5,14.8,-15,4.4,3.3,3.3,3.8,4.8,4.5,3,3.5,4.1
Criminal Sexual Abuse,PUBLIC INDECENCY,221,146,166,193,221,239,309,242,308,769,256.3,39.8,39.4,-0.3,20,8.3,5.5,6.2,7.2,8.3,9,11.6,11.6,9.6
Criminal Sexual Abuse,SALE / DISTRIBUTE OBSCENE MATERIAL TO MINOR,4,11,14,11,10,8,9,9,14,27,9,125,250,55.6,56,0.2,0.4,0.5,0.4,0.4,0.3,0.3,0.5,0.3
Criminal Sexual Abuse,SALE/DIST OBSCENE MAT TO MINOR,19,1,0,0,0,0,0,0,0,0,0,-100,-100,NA,NA,0.7,0,0,0,0,0,0,0,0
Criminal Sexual Abuse,SEXUAL RELATIONS IN FAMILY,2,1,2,1,3,0,2,2,4,5,1.7,0,100,100,135,0.1,0,0.1,0,0.1,0,0.1,0.2,0.1
Criminal Sexual Abuse,SOLICITATION OF A SEXUAL ACT,0,0,0,0,1,3,9,6,10,13,4.3,NA,NA,11.1,133,0,0,0,0,0,0.1,0.3,0.4,0.2
Criminal Sexual Assault,AGG SEX ASSLT OF CHILD FAM MBR,78,9,0,0,0,0,0,0,0,0,0,-100,-100,NA,NA,2.9,0.3,0,0,0,0,0,0,0
Criminal Sexual Assault,AGGRAVATED - HANDGUN,21,51,63,61,67,50,55,29,49,172,57.3,161.9,133.3,-10.9,-14,0.8,1.9,2.4,2.3,2.5,1.9,2.1,1.8,2.2
Criminal Sexual Assault,AGGRAVATED - KNIFE / CUTTING INSTRUMENT,11,21,26,31,26,16,28,20,30,70,23.3,154.5,172.7,7.1,29,0.4,0.8,1,1.2,1,0.6,1.1,1.1,0.9
Criminal Sexual Assault,AGGRAVATED - OTHER,111,139,210,213,233,237,245,194,245,715,238.3,120.7,120.7,0,3,4.2,5.2,7.9,8,8.7,8.9,9.2,9.2,8.9
Criminal Sexual Assault,AGGRAVATED - OTHER DANGEROUS WEAPON,2,6,9,8,11,13,8,5,8,32,10.7,300,300,0,-25,0.1,0.2,0.3,0.3,0.4,0.5,0.3,0.3,0.4
Criminal Sexual Assault,AGGRAVATED - OTHER FIREARM,0,1,2,0,6,2,3,3,4,11,3.7,NA,NA,33.3,8,0,0,0.1,0,0.2,0.1,0.1,0.2,0.1
Criminal Sexual Assault,AGGRAVATED SEXUAL ASSAULT OF CHILD BY FAMILY MEMBER,107,161,134,172,158,130,86,80,103,374,124.7,-19.6,-3.7,19.8,-17,4,6,5,6.5,5.9,4.9,3.2,3.9,4.7
Criminal Sexual Assault,AGGRAVATED: HANDGUN,24,0,0,0,0,0,0,0,0,0,0,-100,-100,NA,NA,0.9,0,0,0,0,0,0,0,0
Criminal Sexual Assault,AGGRAVATED: KNIFE / CUTTING INSTRUMENT,1,0,0,0,0,0,0,0,0,0,0,-100,-100,NA,NA,0,0,0,0,0,0,0,0,0
Criminal Sexual Assault,AGGRAVATED: KNIFE/CUT INSTR,13,2,0,0,0,0,0,0,0,0,0,-100,-100,NA,NA,0.5,0.1,0,0,0,0,0,0,0
Criminal Sexual Assault,AGGRAVATED: OTHER,116,7,0,0,0,0,0,0,0,0,0,-100,-100,NA,NA,4.4,0.3,0,0,0,0,0,0,0
Criminal Sexual Assault,AGGRAVATED: OTHER DANG WEAPON,6,1,0,0,0,0,0,0,0,0,0,-100,-100,NA,NA,0.2,0,0,0,0,0,0,0,0
Criminal Sexual Assault,AGGRAVATED: OTHER FIREARM,1,0,0,0,0,0,0,0,0,0,0,-100,-100,NA,NA,0,0,0,0,0,0,0,0,0
Criminal Sexual Assault,ATTEMPT AGG: HANDGUN,4,1,0,0,0,0,0,0,0,0,0,-100,-100,NA,NA,0.2,0,0,0,0,0,0,0,0
Criminal Sexual Assault,ATTEMPT AGG: KNIFE/CUT INSTR,5,0,0,0,0,0,0,0,0,0,0,-100,-100,NA,NA,0.2,0,0,0,0,0,0,0,0
Criminal Sexual Assault,ATTEMPT AGG: OTHER,10,0,0,0,0,0,0,0,0,0,0,-100,-100,NA,NA,0.4,0,0,0,0,0,0,0,0
Criminal Sexual Assault,ATTEMPT AGGRAVATED - HANDGUN,0,4,7,8,6,4,8,3,5,18,6,NA,NA,-37.5,-17,0,0.2,0.3,0.3,0.2,0.2,0.3,0.2,0.2
Criminal Sexual Assault,ATTEMPT AGGRAVATED - KNIFE / CUTTING INSTRUMENT,0,3,2,2,2,6,4,0,0,12,4,NA,NA,-100,-100,0,0.1,0.1,0.1,0.1,0.2,0.2,0,0.2
Criminal Sexual Assault,ATTEMPT AGGRAVATED - OTHER,1,7,10,13,14,11,11,11,15,36,12,1000,1400,36.4,25,0,0.3,0.4,0.5,0.5,0.4,0.4,0.6,0.5
Criminal Sexual Assault,ATTEMPT AGGRAVATED - OTHER DANGEROUS WEAPON,1,0,0,0,0,2,2,1,3,4,1.3,100,200,50,131,0,0,0,0,0,0.1,0.1,0.1,0
Criminal Sexual Assault,ATTEMPT AGGRAVATED - OTHER FIREARM,0,0,0,0,1,1,0,0,0,2,0.7,NA,NA,NA,-100,0,0,0,0,0,0,0,0,0
Criminal Sexual Assault,ATTEMPT NON-AGGRAVATED,67,60,61,43,59,65,62,56,74,186,62,-7.5,10.4,19.4,19,2.5,2.3,2.3,1.6,2.2,2.4,2.3,2.8,2.3
Criminal Sexual Assault,NON-AGGRAVATED,1155,854,1029,1232,1309,1273,1314,972,1290,3896,1298.7,13.8,11.7,-1.8,-1,43.3,32.1,38.6,46.2,49.1,47.8,49.3,48.4,48.7
Criminal Sexual Assault,PREDATORY,106,84,80,111,77,67,70,47,70,214,71.3,-34,-34,0,-2,4,3.2,3,4.2,2.9,2.5,2.6,2.6,2.7
Criminal Sexual Assault,SEX ASSLT OF CHILD BY FAM MBR,24,1,0,0,0,0,0,0,0,0,0,-100,-100,NA,NA,0.9,0,0,0,0,0,0,0,0
Criminal Sexual Assault,SEXUAL ASSAULT OF CHILD BY FAMILY MEMBER,28,56,68,99,73,80,58,34,41,211,70.3,107.1,46.4,-29.3,-42,1.1,2.1,2.6,3.7,2.7,3,2.2,1.5,2.6
Disorderly Conduct,AIDING ARRESTEE ESCAPE,0,1,1,0,0,0,0,1,1,0,0,NA,NA,NA,NA,0,0,0,0,0,0,0,0,0
Disorderly Conduct,ESCAPE,14,5,10,13,9,9,19,9,14,37,12.3,35.7,0,-26.3,14,0.5,0.2,0.4,0.5,0.3,0.3,0.7,0.5,0.5
Disorderly Conduct,FALSE FIRE ALARM,9,7,4,9,8,7,15,4,6,30,10,66.7,-33.3,-60,-40,0.3,0.3,0.2,0.3,0.3,0.3,0.6,0.2,0.4
Disorderly Conduct,FALSE POLICE REPORT,82,54,44,40,51,56,61,39,53,168,56,-25.6,-35.4,-13.1,-5,3.1,2,1.7,1.5,1.9,2.1,2.3,2,2.1
Disorderly Conduct,INTERFERE WITH HIGHER EDUCATION,0,0,0,0,0,1,0,0,0,1,0.3,NA,NA,NA,-100,0,0,0,0,0,0,0,0,0
Disorderly Conduct,MOB ACTION,12,33,6,5,13,7,5,6,6,25,8.3,-58.3,-50,20,-28,0.5,1.2,0.2,0.2,0.5,0.3,0.2,0.2,0.3
Disorderly Conduct,OBSTRUCTING IDENTIFICATION,993,337,128,170,234,295,420,342,435,949,316.3,-57.7,-56.2,3.6,38,37.3,12.6,4.8,6.4,8.8,11.1,15.8,16.3,11.9
Disorderly Conduct,OBSTRUCTING JUSTICE,90,46,47,54,90,80,115,81,105,285,95,27.8,16.7,-8.7,11,3.4,1.7,1.8,2,3.4,3,4.3,3.9,3.6
Disorderly Conduct,OBSTRUCTING SERVICE,32,22,7,15,17,25,33,26,32,75,25,3.1,0,-3,28,1.2,0.8,0.3,0.6,0.6,0.9,1.2,1.2,0.9
Disorderly Conduct,PEEPING TOM,35,32,49,41,43,52,34,26,30,129,43,-2.9,-14.3,-11.8,-30,1.3,1.2,1.8,1.5,1.6,2,1.3,1.1,1.6
Disorderly Conduct,RECKLESS CONDUCT,1050,475,266,339,459,513,539,607,735,1511,503.7,-48.7,-30,36.4,46,39.4,17.8,10,12.7,17.2,19.3,20.2,27.6,18.9
Disorderly Conduct,REFUSING TO AID AN OFFICER,0,1,0,0,0,0,1,1,1,1,0.3,NA,NA,0,233,0,0,0,0,0,0,0,0,0
Disorderly Conduct,RESIST / OBSTRUCT / DISARM OFFICER,1,170,109,131,224,273,315,305,384,812,270.7,31400,38300,21.9,42,0,6.4,4.1,4.9,8.4,10.2,11.8,14.4,10.2
Disorderly Conduct,RESIST/OBSTRUCT/DISARM OFFICER,402,65,0,0,0,0,0,0,0,0,0,-100,-100,NA,NA,15.1,2.4,0,0,0,0,0,0,0
Drug Abuse,ALTER / FORGE PRESCRIPTION,1,11,7,14,23,23,11,8,10,57,19,1000,900,-9.1,-47,0,0.4,0.3,0.5,0.9,0.9,0.4,0.4,0.7
Drug Abuse,ALTER/FORGE PRESCRIPTION,54,3,0,0,0,0,0,0,0,0,0,-100,-100,NA,NA,2,0.1,0,0,0,0,0,0,0
Drug Abuse,ATTEMPT POSSESSION CANNABIS,0,0,0,0,0,2,0,0,0,2,0.7,NA,NA,NA,-100,0,0,0,0,0,0.1,0,0,0
Drug Abuse,ATTEMPT POSSESSION NARCOTICS,64,19,0,5,1,2,1,2,2,4,1.3,-98.4,-96.9,100,54,2.4,0.7,0,0.2,0,0.1,0,0.1,0
Drug Abuse,CALCULATED CANNABIS CONSPIRACY,0,0,0,0,1,0,0,0,0,1,0.3,NA,NA,NA,-100,0,0,0,0,0,0,0,0,0
Drug Abuse,CANNABIS PLANT,4,3,4,1,1,4,4,1,2,9,3,0,-50,-50,-33,0.2,0.1,0.2,0,0,0.2,0.2,0.1,0.1
Drug Abuse,CONT SUBS:FAIL TO MAINT RECORD,0,1,0,0,0,0,0,0,0,0,0,NA,NA,NA,NA,0,0,0,0,0,0,0,0,0
Drug Abuse,CRIMINAL DRUG CONSPIRACY,8,6,23,10,5,1,2,4,5,8,2.7,-75,-37.5,150,85,0.3,0.2,0.9,0.4,0.2,0,0.1,0.2,0.1
Drug Abuse,DELIVER CANNABIS TO PERSON <18,2,0,0,0,0,0,0,0,0,0,0,-100,-100,NA,NA,0.1,0,0,0,0,0,0,0,0
Drug Abuse,DELIVER CANNABIS TO PERSON UNDER 18,0,0,1,0,6,3,3,1,1,12,4,NA,NA,-66.7,-75,0,0,0,0,0.2,0.1,0.1,0,0.2
Drug Abuse,DELIVER CONTROLLED SUBSTANCES TO PERSON UNDER 18,0,0,0,1,0,0,0,0,0,0,0,NA,NA,NA,NA,0,0,0,0,0,0,0,0,0
Drug Abuse,FAILURE TO MAINTAIN RECORDS - CONTROLLED SUBSTANCES,0,0,0,0,0,1,0,0,0,1,0.3,NA,NA,NA,-100,0,0,0,0,0,0,0,0,0
Drug Abuse,INTOXICATING COMPOUNDS,8,6,2,7,2,5,10,6,7,17,5.7,25,-12.5,-30,23,0.3,0.2,0.1,0.3,0.1,0.2,0.4,0.3,0.2
Drug Abuse,MANU/DEL:CANNABIS 10GM OR LESS,520,77,0,0,0,0,0,0,0,0,0,-100,-100,NA,NA,19.5,2.9,0,0,0,0,0,0,0
Drug Abuse,MANU/DEL:CANNABIS OVER 10 GMS,1148,214,0,0,0,0,0,0,0,0,0,-100,-100,NA,NA,43.1,8,0,0,0,0,0,0,0
Drug Abuse,MANU/DELIVER: HALLUCINOGEN,13,2,0,0,0,0,0,0,0,0,0,-100,-100,NA,NA,0.5,0.1,0,0,0,0,0,0,0
Drug Abuse,MANU/DELIVER: HEROIN (WHITE),1071,179,0,0,0,0,0,0,0,0,0,-100,-100,NA,NA,40.2,6.7,0,0,0,0,0,0,0
Drug Abuse,MANU/DELIVER: HEROIN(BRN/TAN),51,9,0,0,0,0,0,0,0,0,0,-100,-100,NA,NA,1.9,0.3,0,0,0,0,0,0,0
Drug Abuse,MANU/DELIVER: METHAMPHETAMINES,9,6,0,0,0,0,0,0,0,0,0,-100,-100,NA,NA,0.3,0.2,0,0,0,0,0,0,0
Drug Abuse,MANU/DELIVER:AMPHETAMINES,10,1,0,0,0,0,0,0,0,0,0,-100,-100,NA,NA,0.4,0,0,0,0,0,0,0,0
Drug Abuse,MANU/DELIVER:BARBITUATES,20,4,0,0,0,0,0,0,0,0,0,-100,-100,NA,NA,0.8,0.2,0,0,0,0,0,0,0
Drug Abuse,MANU/DELIVER:COCAINE,78,13,0,0,0,0,0,0,0,0,0,-100,-100,NA,NA,2.9,0.5,0,0,0,0,0,0,0
Drug Abuse,MANU/DELIVER:CRACK,436,67,0,0,0,0,0,0,0,0,0,-100,-100,NA,NA,16.4,2.5,0,0,0,0,0,0,0
Drug Abuse,MANU/DELIVER:PCP,25,4,0,0,0,0,0,0,0,0,0,-100,-100,NA,NA,0.9,0.2,0,0,0,0,0,0,0
Drug Abuse,MANU/DELIVER:SYNTHETIC DRUGS,35,0,0,0,0,0,0,0,0,0,0,-100,-100,NA,NA,1.3,0,0,0,0,0,0,0,0
Drug Abuse,MANU/POSS. W/INTENT TO DELIVER: SYNTHETIC MARIJUANA,6,0,0,0,0,0,0,0,0,0,0,-100,-100,NA,NA,0.2,0,0,0,0,0,0,0,0
Drug Abuse,MANUFACTURE / DELIVER -  HEROIN (WHITE),254,434,785,347,174,156,167,134,191,497,165.7,-34.3,-24.8,14.4,15,9.5,16.3,29.5,13,6.5,5.9,6.3,7.2,6.2
Drug Abuse,MANUFACTURE / DELIVER - AMPHETAMINES,0,3,5,1,2,2,4,2,3,8,2.7,NA,NA,-25,11,0,0.1,0.2,0,0.1,0.1,0.2,0.1,0.1
Drug Abuse,MANUFACTURE / DELIVER - BARBITURATES,0,12,3,6,2,2,5,2,3,9,3,NA,NA,-40,0,0,0.5,0.1,0.2,0.1,0.1,0.2,0.1,0.1
Drug Abuse,MANUFACTURE / DELIVER - CANNABIS 10 GRAMS OR LESS,10,59,36,95,28,30,28,35,41,86,28.7,180,310,46.4,43,0.4,2.2,1.4,3.6,1.1,1.1,1.1,1.5,1.1
Drug Abuse,MANUFACTURE / DELIVER - CANNABIS OVER 10 GRAMS,8,411,280,344,511,623,738,445,628,1872,624,9125,7750,-14.9,1,0.3,15.4,10.5,12.9,19.2,23.4,27.7,23.6,23.4
Drug Abuse,MANUFACTURE / DELIVER - COCAINE,7,39,13,22,23,35,55,36,48,113,37.7,685.7,585.7,-12.7,27,0.3,1.5,0.5,0.8,0.9,1.3,2.1,1.8,1.4
Drug Abuse,MANUFACTURE / DELIVER - CRACK,135,191,314,162,121,126,159,171,217,406,135.3,17.8,60.7,36.5,60,5.1,7.2,11.8,6.1,4.5,4.7,6,8.1,5.1
Drug Abuse,MANUFACTURE / DELIVER - HALLUCINOGEN,16,14,9,22,6,8,21,12,16,35,11.7,31.2,0,-23.8,37,0.6,0.5,0.3,0.8,0.2,0.3,0.8,0.6,0.4
Drug Abuse,MANUFACTURE / DELIVER - HEROIN (BLACK TAR),0,2,0,1,0,1,3,1,1,4,1.3,NA,NA,-66.7,-23,0,0.1,0,0,0,0,0.1,0,0
Drug Abuse,MANUFACTURE / DELIVER - HEROIN (TAN / BROWN TAR),0,18,11,6,9,13,9,5,6,31,10.3,NA,NA,-33.3,-42,0,0.7,0.4,0.2,0.3,0.5,0.3,0.2,0.4
Drug Abuse,MANUFACTURE / DELIVER - LOOK-ALIKE DRUG,0,0,0,0,0,2,0,0,0,2,0.7,NA,NA,NA,-100,0,0,0,0,0,0.1,0,0,0
Drug Abuse,MANUFACTURE / DELIVER - METHAMPHETAMINE,0,6,9,5,4,6,9,3,5,19,6.3,NA,NA,-44.4,-21,0,0.2,0.3,0.2,0.2,0.2,0.3,0.2,0.2
Drug Abuse,MANUFACTURE / DELIVER - PCP,2,5,28,10,3,10,8,2,4,21,7,300,100,-50,-43,0.1,0.2,1.1,0.4,0.1,0.4,0.3,0.2,0.3
Drug Abuse,MANUFACTURE / DELIVER - SYNTHETIC DRUGS,13,21,23,10,11,12,16,13,14,39,13,23.1,7.7,-12.5,8,0.5,0.8,0.9,0.4,0.4,0.5,0.6,0.5,0.5
Drug Abuse,MANUFACTURE / DELIVER - SYNTHETIC MARIJUANA,0,1,2,0,2,4,6,3,4,12,4,NA,NA,-33.3,0,0,0,0.1,0,0.1,0.2,0.2,0.2,0.2
Drug Abuse,POS: HYPODERMIC NEEDLE,12,2,0,0,0,0,0,0,0,0,0,-100,-100,NA,NA,0.5,0.1,0,0,0,0,0,0,0
Drug Abuse,POSS: AMPHETAMINES,68,13,0,0,0,0,0,0,0,0,0,-100,-100,NA,NA,2.6,0.5,0,0,0,0,0,0,0
Drug Abuse,POSS: BARBITUATES,270,56,0,0,0,0,0,0,0,0,0,-100,-100,NA,NA,10.1,2.1,0,0,0,0,0,0,0
Drug Abuse,POSS: CANNABIS 30GMS OR LESS,1276,113,0,0,0,0,0,0,0,0,0,-100,-100,NA,NA,47.9,4.2,0,0,0,0,0,0,0
Drug Abuse,POSS: CANNABIS MORE THAN 30GMS,1060,149,0,0,0,0,0,0,0,0,0,-100,-100,NA,NA,39.8,5.6,0,0,0,0,0,0,0
Drug Abuse,POSS: COCAINE,552,118,0,0,0,0,0,0,0,0,0,-100,-100,NA,NA,20.7,4.4,0,0,0,0,0,0,0
Drug Abuse,POSS: CRACK,1480,279,0,0,0,0,0,0,0,0,0,-100,-100,NA,NA,55.5,10.5,0,0,0,0,0,0,0
Drug Abuse,POSS: HALLUCINOGENS,146,28,0,0,0,0,0,0,0,0,0,-100,-100,NA,NA,5.5,1.1,0,0,0,0,0,0,0
Drug Abuse,POSS: HEROIN(BLACK TAR),10,2,0,0,0,0,0,0,0,0,0,-100,-100,NA,NA,0.4,0.1,0,0,0,0,0,0,0
Drug Abuse,POSS: HEROIN(BRN/TAN),169,36,0,0,0,0,0,0,0,0,0,-100,-100,NA,NA,6.3,1.4,0,0,0,0,0,0,0
Drug Abuse,POSS: HEROIN(WHITE),2787,587,0,0,0,0,0,0,0,0,0,-100,-100,NA,NA,104.6,22,0,0,0,0,0,0,0
Drug Abuse,POSS: LOOK-ALIKE DRUGS,1,0,0,0,0,0,0,0,0,0,0,-100,-100,NA,NA,0,0,0,0,0,0,0,0,0
Drug Abuse,POSS: METHAMPHETAMINES,121,24,0,0,0,0,0,0,0,0,0,-100,-100,NA,NA,4.5,0.9,0,0,0,0,0,0,0
Drug Abuse,POSS: PCP,223,51,0,0,0,0,0,0,0,0,0,-100,-100,NA,NA,8.4,1.9,0,0,0,0,0,0,0
Drug Abuse,POSS: SYNTHETIC DRUGS,473,84,0,0,0,0,0,0,0,0,0,-100,-100,NA,NA,17.8,3.2,0,0,0,0,0,0,0
Drug Abuse,POSSESS - AMPHETAMINES,0,40,27,27,48,38,57,45,61,143,47.7,NA,NA,7,28,0,1.5,1,1,1.8,1.4,2.1,2.3,1.8
Drug Abuse,POSSESS - BARBITURATES,0,100,96,61,84,83,61,48,66,228,76,NA,NA,8.2,-13,0,3.8,3.6,2.3,3.2,3.1,2.3,2.5,2.9
Drug Abuse,POSSESS - CANNABIS 30 GRAMS OR LESS,5,142,211,341,381,303,316,212,273,1000,333.3,6220,5360,-13.6,-18,0.2,5.3,7.9,12.8,14.3,11.4,11.9,10.2,12.5
Drug Abuse,POSSESS - CANNABIS MORE THAN 30 GRAMS,87,392,427,587,496,578,713,511,685,1787,595.7,719.5,687.4,-3.9,15,3.3,14.7,16,22,18.6,21.7,26.8,25.7,22.4
Drug Abuse,POSSESS - COCAINE,28,259,255,234,320,299,396,281,365,1015,338.3,1314.3,1203.6,-7.8,8,1.1,9.7,9.6,8.8,12,11.2,14.9,13.7,12.7
Drug Abuse,POSSESS - CRACK,83,483,424,409,623,829,1283,819,1068,2735,911.7,1445.8,1186.7,-16.8,17,3.1,18.1,15.9,15.4,23.4,31.1,48.2,40.1,34.2
Drug Abuse,POSSESS - HALLUCINOGENS,14,105,75,73,82,111,119,124,151,312,104,750,978.6,26.9,45,0.5,3.9,2.8,2.7,3.1,4.2,4.5,5.7,3.9
Drug Abuse,POSSESS - HEROIN (BLACK TAR),0,4,5,4,7,9,7,6,7,23,7.7,NA,NA,0,-9,0,0.2,0.2,0.2,0.3,0.3,0.3,0.3,0.3
Drug Abuse,POSSESS - HEROIN (TAN / BROWN TAR),1,69,45,34,61,70,67,71,79,198,66,6600,7800,17.9,20,0,2.6,1.7,1.3,2.3,2.6,2.5,3,2.5
Drug Abuse,POSSESS - HEROIN (WHITE),91,1007,1060,796,1128,1387,1761,884,1319,4276,1425.3,1835.2,1349.5,-25.1,-7,3.4,37.8,39.8,29.9,42.3,52.1,66.1,49.5,53.5
Drug Abuse,POSSESS - HYPODERMIC NEEDLE,0,0,0,1,0,1,1,2,2,2,0.7,NA,NA,100,186,0,0,0,0,0,0,0,0.1,0
Drug Abuse,POSSESS - LOOK-ALIKE DRUGS,0,0,0,0,2,3,4,0,2,9,3,NA,NA,-50,-33,0,0,0,0,0.1,0.1,0.2,0.1,0.1
Drug Abuse,POSSESS - METHAMPHETAMINE,9,59,41,57,91,63,63,65,77,217,72.3,600,755.6,22.2,7,0.3,2.2,1.5,2.1,3.4,2.4,2.4,2.9,2.7
Drug Abuse,POSSESS - PCP,0,58,55,82,101,94,141,62,79,336,112,NA,NA,-44,-29,0,2.2,2.1,3.1,3.8,3.5,5.3,3,4.2
Drug Abuse,POSSESS - SYNTHETIC DRUGS,8,211,143,137,200,171,165,187,220,536,178.7,1962.5,2650,33.3,23,0.3,7.9,5.4,5.1,7.5,6.4,6.2,8.3,6.7
Drug Abuse,POSSESSION - SYNTHETIC MARIJUANA,0,0,0,0,0,3,2,2,3,5,1.7,NA,NA,50,76,0,0,0,0,0,0.1,0.1,0.1,0.1
Drug Abuse,POSSESSION OF DRUG EQUIPMENT,252,71,10,22,97,109,204,151,189,410,136.7,-19,-25,-7.4,38,9.5,2.7,0.4,0.8,3.6,4.1,7.7,7.1,5.1
Drug Abuse,POSSESSION: SYNTHETIC MARIJUANA,7,1,0,0,0,0,0,0,0,0,0,-100,-100,NA,NA,0.3,0,0,0,0,0,0,0,0
Embezzlement,EMBEZZLEMENT,44,21,28,36,57,41,24,14,16,122,40.7,-45.5,-63.6,-33.3,-61,1.7,0.8,1.1,1.4,2.1,1.5,0.9,0.6,1.5
Forgery & Counterfeiting,COUNTERFEIT CHECK,534,334,143,344,210,151,96,54,74,457,152.3,-82,-86.1,-22.9,-51,20,12.5,5.4,12.9,7.9,5.7,3.6,2.8,5.7
Forgery & Counterfeiting,COUNTERFEITING DOCUMENT,515,276,190,203,196,212,171,119,160,579,193,-66.8,-68.9,-6.4,-17,19.3,10.4,7.1,7.6,7.4,8,6.4,6,7.2
Forgery & Counterfeiting,FORGERY,528,433,681,2017,1444,1176,710,358,510,3330,1110,34.5,-3.4,-28.2,-54,19.8,16.3,25.6,75.7,54.2,44.1,26.6,19.1,41.7
Fraud,AGGRAVATED COMPUTER TAMPERING,2,0,2,1,24,48,41,17,24,113,37.7,1950,1100,-41.5,-36,0.1,0,0.1,0,0.9,1.8,1.5,0.9,1.4
Fraud,AGGRAVATED FINANCIAL IDENTITY THEFT,78,128,73,68,70,75,50,33,44,195,65,-35.9,-43.6,-12,-32,2.9,4.8,2.7,2.6,2.6,2.8,1.9,1.7,2.4
Fraud,ALTER COINS,0,0,0,0,0,0,0,2,2,0,0,NA,NA,NA,NA,0,0,0,0,0,0,0,0.1,0
Fraud,ATTEMPT - FINANCIAL IDENTITY THEFT,447,774,528,769,612,491,474,231,323,1577,525.7,6,-27.7,-31.9,-39,16.8,29,19.8,28.9,23,18.4,17.8,12.1,19.7
Fraud,BOGUS CHECK,373,342,313,634,352,258,213,134,190,823,274.3,-42.9,-49.1,-10.8,-31,14,12.8,11.7,23.8,13.2,9.7,8,7.1,10.3
Fraud,COMPUTER FRAUD,115,112,197,283,459,457,491,476,626,1407,469,327,444.3,27.5,33,4.3,4.2,7.4,10.6,17.2,17.2,18.4,23.5,17.6
Fraud,CREDIT CARD FRAUD,4183,2143,1884,2441,2674,2597,2192,1475,2034,7463,2487.7,-47.6,-51.4,-7.2,-18,157,80.4,70.7,91.6,100.4,97.5,82.3,76.3,93.4
Fraud,CRIMINAL DEFACEMENT,964,704,500,427,362,529,606,354,498,1497,499,-37.1,-48.3,-17.8,-0,36.2,26.4,18.8,16,13.6,19.9,22.7,18.7,18.7
Fraud,DECEPTIVE COLLECTION PRACTICES,24,115,33,21,21,33,29,31,37,83,27.7,20.8,54.2,27.6,34,0.9,4.3,1.2,0.8,0.8,1.2,1.1,1.4,1
Fraud,"FALSE INFO - CERTIFICATION, LICENSING CRIMINAL BACKGROUND EM",0,0,0,0,0,1,9,5,7,10,3.3,NA,NA,-22.2,112,0,0,0,0,0,0,0.3,0.3,0.1
Fraud,FINAN EXPLOIT-ELDERLY/DISABLED,30,6,0,0,0,0,0,0,0,0,0,-100,-100,NA,NA,1.1,0.2,0,0,0,0,0,0,0
Fraud,FINANCIAL EXPLOITATION OF AN ELDERLY OR DISABLED PERSON,21,63,86,91,99,119,90,72,93,308,102.7,328.6,342.9,3.3,-9,0.8,2.4,3.2,3.4,3.7,4.5,3.4,3.5,3.9
Fraud,FINANCIAL IDENTITY THEFT $300 AND UNDER,1481,5306,5321,1506,1369,1102,1124,608,885,3595,1198.3,-24.1,-40.2,-21.3,-26,55.6,199.1,199.7,56.5,51.4,41.4,42.2,33.2,45
Fraud,FINANCIAL IDENTITY THEFT OVER $ 300,4814,4320,3518,4070,4365,3580,3207,1887,2674,11152,3717.3,-33.4,-44.5,-16.6,-28,180.7,162.1,132,152.8,163.8,134.4,120.4,100.4,139.5
Fraud,FRAUD OR CONFIDENCE GAME,2550,2140,2366,2372,2315,2694,2865,2082,2719,7874,2624.7,12.4,6.6,-5.1,4,95.7,80.3,88.8,89,86.9,101.1,107.5,102,98.5
Fraud,ILLEGAL POSSESSION CASH CARD,35,37,15,11,16,11,9,11,13,36,12,-74.3,-62.9,44.4,8,1.3,1.4,0.6,0.4,0.6,0.4,0.3,0.5,0.5
Fraud,ILLEGAL USE CASH CARD,1414,821,1010,984,1446,1263,1216,683,933,3925,1308.3,-14,-34,-23.3,-29,53.1,30.8,37.9,36.9,54.3,47.4,45.6,35,49.1
Fraud,IMPERSONATION,31,36,40,37,27,20,21,15,21,68,22.7,-32.3,-32.3,0,-7,1.2,1.4,1.5,1.4,1,0.8,0.8,0.8,0.9
Fraud,INSURANCE FRAUD,6,5,6,24,8,13,10,5,7,31,10.3,66.7,16.7,-30,-32,0.2,0.2,0.2,0.9,0.3,0.5,0.4,0.3,0.4
Fraud,LIBRARY THEFT,0,0,0,0,0,0,2,0,0,2,0.7,NA,NA,-100,-100,0,0,0,0,0,0,0.1,0,0
Fraud,LIBRARY VANDALISM,0,0,0,0,0,1,0,0,0,1,0.3,NA,NA,NA,-100,0,0,0,0,0,0,0,0,0
Fraud,PAY TV SERVICE OFFENSES,3,1,3,5,2,1,5,3,4,8,2.7,66.7,33.3,-20,48,0.1,0,0.1,0.2,0.1,0,0.2,0.2,0.1
Fraud,PBLC AID WIRE AND MAIL FRAUD- UNLAW OBT PBLC AID,0,0,0,0,0,1,14,4,6,15,5,NA,NA,-57.1,20,0,0,0,0,0,0,0.5,0.2,0.2
Fraud,POSSESS KEYS OR DEVICE TO COIN MACHINE,0,0,0,2,2,0,0,1,1,2,0.7,NA,NA,NA,43,0,0,0,0.1,0.1,0,0,0,0
Fraud,PUBLIC AID WIRE/MAIL FRAUD - VIA MAIL/PACKAGE/DELIVERY SYS,0,0,0,0,1,9,16,7,13,26,8.7,NA,NA,-18.8,49,0,0,0,0,0,0.3,0.6,0.5,0.3
Fraud,"PUBLIC AIR WIRE AND MAIL FRAUD - VIA WIRE, RADIO, TELEVISION",0,0,0,0,0,2,4,2,3,6,2,NA,NA,-25,50,0,0,0,0,0,0.1,0.2,0.1,0.1
Fraud,STATE BENEFITS FRAUD,0,0,0,0,7,49,315,198,243,371,123.7,NA,NA,-22.9,96,0,0,0,0,0.3,1.8,11.8,9.1,4.6
Fraud,"THEFT BY LESSEE, MOTOR VEHICLE",13,198,205,294,386,388,319,196,270,1093,364.3,2353.8,1976.9,-15.4,-26,0.5,7.4,7.7,11,14.5,14.6,12,10.1,13.7
Fraud,"THEFT BY LESSEE, NON-MOTOR VEHICLE",0,4,10,17,12,20,22,11,16,54,18,NA,NA,-27.3,-11,0,0.2,0.4,0.6,0.5,0.8,0.8,0.6,0.7
Fraud,"THEFT BY LESSEE,MOTOR VEH",443,25,0,0,0,0,0,0,0,0,0,-100,-100,NA,NA,16.6,0.9,0,0,0,0,0,0,0
Fraud,"THEFT BY LESSEE,NON-VEH",11,0,0,0,0,0,0,0,0,0,0,-100,-100,NA,NA,0.4,0,0,0,0,0,0,0,0
Fraud,THEFT OF LABOR / SERVICES,8,246,367,398,888,623,561,338,471,2072,690.7,6912.5,5787.5,-16,-32,0.3,9.2,13.8,14.9,33.3,23.4,21.1,17.7,25.9
Fraud,THEFT OF LABOR/SERVICES,933,101,0,0,0,0,0,0,0,0,0,-100,-100,NA,NA,35,3.8,0,0,0,0,0,0,0
Fraud,THEFT OF LOST / MISLAID PROPERTY,1,164,285,480,453,831,730,495,687,2014,671.3,72900,68600,-5.9,2,0,6.2,10.7,18,17,31.2,27.4,25.8,25.2
Fraud,THEFT OF LOST/MISLAID PROP,308,48,0,0,0,0,0,0,0,0,0,-100,-100,NA,NA,11.6,1.8,0,0,0,0,0,0,0
Fraud,UNAUTHORIZED VIDEOTAPING,37,30,43,47,42,31,58,31,43,131,43.7,56.8,16.2,-25.9,-2,1.4,1.1,1.6,1.8,1.6,1.2,2.2,1.6,1.6
Fraud,UNLAWFUL USE OF A COMPUTER,20,14,26,30,42,73,60,20,28,175,58.3,200,40,-53.3,-52,0.8,0.5,1,1.1,1.6,2.7,2.3,1.1,2.2
Fraud,UNLAWFUL USE OF RECORDED SOUND,0,0,0,0,0,1,2,1,2,3,1,NA,NA,0,100,0,0,0,0,0,0,0.1,0.1,0
Fraud,WIC FRAUD,0,0,0,0,0,25,116,111,143,141,47,NA,NA,23.3,204,0,0,0,0,0,0.9,4.4,5.4,1.8
Gambling,ANIMAL FIGHTING,1,1,0,1,0,0,1,3,4,1,0.3,0,300,300,1233,0,0,0,0,0,0,0,0.2,0
Gambling,GAME / AMUSEMENT DEVICE,0,1,0,1,0,1,0,0,0,1,0.3,NA,NA,NA,-100,0,0,0,0,0,0,0,0,0
Gambling,GAME/AMUSEMENT DEVICE,4,0,0,0,0,0,0,0,0,0,0,-100,-100,NA,NA,0.2,0,0,0,0,0,0,0,0
Gambling,GAME/CARDS,3,0,1,0,0,0,0,0,0,0,0,-100,-100,NA,NA,0.1,0,0,0,0,0,0,0,0
Gambling,GAME/DICE,130,20,12,8,12,19,9,14,14,40,13.3,-93.1,-89.2,55.6,5,4.9,0.8,0.5,0.3,0.5,0.7,0.3,0.5,0.5
Gambling,OTHER,5,4,0,0,3,2,4,0,2,9,3,-20,-60,-50,-33,0.2,0.2,0,0,0.1,0.1,0.2,0.1,0.1
Human Trafficking,COMMERCIAL SEX ACTS,10,5,6,11,11,18,16,20,23,45,15,60,130,43.8,53,0.4,0.2,0.2,0.4,0.4,0.7,0.6,0.9,0.6
Human Trafficking,INVOLUNTARY SERVITUDE,5,0,3,5,4,5,2,5,6,11,3.7,-60,20,200,62,0.2,0,0.1,0.2,0.2,0.2,0.1,0.2,0.1
Involuntary Manslaughter,INVOLUNTARY MANSLAUGHTER,2,0,0,1,0,0,0,0,0,0,0,-100,-100,NA,NA,0.1,0,0,0,0,0,0,0,0
Involuntary Manslaughter,RECKLESS HOMICIDE,8,9,6,6,6,4,5,3,5,15,5,-37.5,-37.5,0,0,0.3,0.3,0.2,0.2,0.2,0.2,0.2,0.2,0.2
Liquor License,EMPLOY MINOR,1,0,0,0,1,0,0,0,0,1,0.3,-100,-100,NA,-100,0,0,0,0,0,0,0,0,0
Liquor License,ILLEGAL CONSUMPTION BY MINOR,16,10,5,4,6,8,5,5,6,19,6.3,-68.8,-62.5,20,-5,0.6,0.4,0.2,0.2,0.2,0.3,0.2,0.2,0.2
Liquor License,ILLEGAL POSSESSION BY MINOR,19,6,3,3,7,4,3,3,4,14,4.7,-84.2,-78.9,33.3,-15,0.7,0.2,0.1,0.1,0.3,0.2,0.1,0.2,0.2
Liquor License,LIQUOR LICENSE VIOLATION,143,89,169,178,120,151,181,94,133,452,150.7,26.6,-7,-26.5,-12,5.4,3.3,6.3,6.7,4.5,5.7,6.8,5,5.7
Liquor License,MINOR MISREPRESENT AGE,0,0,0,0,1,0,0,0,0,1,0.3,NA,NA,NA,-100,0,0,0,0,0,0,0,0,0
Liquor License,SELL / GIVE / DELIVER LIQUOR TO MINOR,0,21,7,19,51,33,11,66,72,95,31.7,NA,NA,554.5,127,0,0.8,0.3,0.7,1.9,1.2,0.4,2.7,1.2
Liquor License,SELL/GIVE/DEL LIQUOR TO MINOR,53,17,0,0,0,0,0,0,0,0,0,-100,-100,NA,NA,2,0.6,0,0,0,0,0,0,0
Misc Non-Index Offense,ABUSE / NEGLECT - CARE FACILITY,2,8,13,11,15,3,13,9,14,31,10.3,550,600,7.7,36,0.1,0.3,0.5,0.4,0.6,0.1,0.5,0.5,0.4
Misc Non-Index Offense,ABUSE/NEGLECT: CARE FACILITY,16,4,0,0,0,0,0,0,0,0,0,-100,-100,NA,NA,0.6,0.2,0,0,0,0,0,0,0
Misc Non-Index Offense,AGGRAVATED,15,7,6,10,9,8,9,3,4,26,8.7,-40,-73.3,-55.6,-54,0.6,0.3,0.2,0.4,0.3,0.3,0.3,0.2,0.3
Misc Non-Index Offense,ANIMAL ABUSE / NEGLECT,0,59,90,148,166,166,184,148,188,516,172,NA,NA,2.2,9,0,2.2,3.4,5.6,6.2,6.2,6.9,7.1,6.5
Misc Non-Index Offense,ANIMAL ABUSE/NEGLECT,161,34,0,0,0,0,0,0,0,0,0,-100,-100,NA,NA,6,1.3,0,0,0,0,0,0,0
Misc Non-Index Offense,ARMED VIOLENCE,0,0,1,2,1,4,1,4,4,6,2,NA,NA,300,100,0,0,0,0.1,0,0.2,0,0.2,0.1
Misc Non-Index Offense,ARSON THREAT,78,113,57,74,55,50,37,13,21,142,47.3,-52.6,-73.1,-43.2,-56,2.9,4.2,2.1,2.8,2.1,1.9,1.4,0.8,1.8
Misc Non-Index Offense,ARSONIST - ANNUAL REGISTRATION,2,1,4,2,5,5,2,1,1,12,4,0,-50,-50,-75,0.1,0,0.2,0.1,0.2,0.2,0.1,0,0.2
Misc Non-Index Offense,ARSONIST - FAIL TO REGISTER NEW ADDRESS,1,0,0,2,0,0,1,0,0,1,0.3,0,-100,-100,-100,0,0,0,0.1,0,0,0,0,0
Misc Non-Index Offense,ARSONIST: ANNUAL REGISTRATION,3,2,0,0,0,0,0,0,0,0,0,-100,-100,NA,NA,0.1,0.1,0,0,0,0,0,0,0
Misc Non-Index Offense,BOARD PLANE WITH WEAPON,8,8,27,20,18,30,10,1,1,58,19.3,25,-87.5,-90,-95,0.3,0.3,1,0.8,0.7,1.1,0.4,0,0.7
Misc Non-Index Offense,BOMB THREAT,129,82,98,110,130,137,124,111,147,391,130.3,-3.9,14,18.5,13,4.8,3.1,3.7,4.1,4.9,5.1,4.7,5.5,4.9
Misc Non-Index Offense,BRIBERY,3,1,0,1,1,1,0,1,1,2,0.7,-100,-66.7,NA,43,0.1,0,0,0,0,0,0,0,0
Misc Non-Index Offense,CHILD ABANDONMENT,38,36,36,30,59,52,65,63,79,176,58.7,71.1,107.9,21.5,35,1.4,1.4,1.4,1.1,2.2,2,2.4,3,2.2
Misc Non-Index Offense,COMPELLING CONFESSION,1,0,0,0,0,0,0,0,0,0,0,-100,-100,NA,NA,0,0,0,0,0,0,0,0,0
Misc Non-Index Offense,COMPOUNDING A CRIME,0,0,1,1,1,0,2,0,0,3,1,NA,NA,-100,-100,0,0,0,0,0,0,0.1,0,0
Misc Non-Index Offense,CONTRIBUTE CRIM DELINQUENCY JUVENILE,6,1,0,0,0,0,0,0,0,0,0,-100,-100,NA,NA,0.2,0,0,0,0,0,0,0,0
Misc Non-Index Offense,CONTRIBUTE TO THE CRIMINAL DELINQUENCY OF CHILD,1,4,1,1,4,5,5,1,2,14,4.7,400,100,-60,-57,0,0.2,0,0,0.2,0.2,0.2,0.1,0.2
Misc Non-Index Offense,DISCLOSE DOMESTIC VIOLENCE VICTIM LOCATION,0,0,1,0,0,0,0,0,0,0,0,NA,NA,NA,NA,0,0,0,0,0,0,0,0,0
Misc Non-Index Offense,EAVESDROPPING,7,5,5,2,7,15,10,12,15,32,10.7,42.9,114.3,50,40,0.3,0.2,0.2,0.1,0.3,0.6,0.4,0.6,0.4
Misc Non-Index Offense,EDUCATIONAL INTIMIDAITON,2,0,1,1,0,0,0,0,0,0,0,-100,-100,NA,NA,0.1,0,0,0,0,0,0,0,0
Misc Non-Index Offense,ENDANGERING LIFE / HEALTH OF CHILD,10,254,262,292,263,343,300,229,290,906,302,2900,2800,-3.3,-4,0.4,9.5,9.8,11,9.9,12.9,11.3,10.9,11.3
Misc Non-Index Offense,ENDANGERING LIFE/HEALTH CHILD,374,35,0,0,0,0,0,0,0,0,0,-100,-100,NA,NA,14,1.3,0,0,0,0,0,0,0
Misc Non-Index Offense,EXTORTION,67,107,70,87,147,1,0,0,0,148,49.3,-100,-100,NA,-100,2.5,4,2.6,3.3,5.5,0,0,0,1.9
Misc Non-Index Offense,FALSE / STOLEN / ALTERED TRP,0,213,359,807,1050,1672,1360,563,824,4082,1360.7,NA,NA,-39.4,-39,0,8,13.5,30.3,39.4,62.8,51,30.9,51.1
Misc Non-Index Offense,FALSE/STOLEN/ALTERED TRP,919,146,0,0,0,0,0,0,0,0,0,-100,-100,NA,NA,34.5,5.5,0,0,0,0,0,0,0
Misc Non-Index Offense,FOID - REVOCATION,1,0,0,0,0,0,0,0,0,0,0,-100,-100,NA,NA,0,0,0,0,0,0,0,0,0
Misc Non-Index Offense,FORCIBLE DETENTION,1,2,3,0,5,1,1,0,0,7,2.3,0,-100,-100,-100,0,0.1,0.1,0,0.2,0,0,0,0.1
Misc Non-Index Offense,FORFEIT PROPERTY,106,83,59,48,29,16,11,7,10,56,18.7,-89.6,-90.6,-9.1,-47,4,3.1,2.2,1.8,1.1,0.6,0.4,0.4,0.7
Misc Non-Index Offense,FOUND SUSPECT NARCOTICS,1052,759,775,634,642,707,699,457,610,2048,682.7,-33.6,-42,-12.7,-11,39.5,28.5,29.1,23.8,24.1,26.5,26.2,22.9,25.6
Misc Non-Index Offense,GUN OFFENDER - ANNUAL REGISTRATION,0,128,182,217,279,388,448,272,360,1115,371.7,NA,NA,-19.6,-3,0,4.8,6.8,8.1,10.5,14.6,16.8,13.5,14
Misc Non-Index Offense,GUN OFFENDER - DUTY TO REGISTER,0,30,100,115,121,135,144,69,87,400,133.3,NA,NA,-39.6,-35,0,1.1,3.8,4.3,4.5,5.1,5.4,3.3,5
Misc Non-Index Offense,GUN OFFENDER - DUTY TO REPORT CHANGE OF INFORMATION,0,21,11,18,21,33,57,54,70,111,37,NA,NA,22.8,89,0,0.8,0.4,0.7,0.8,1.2,2.1,2.6,1.4
Misc Non-Index Offense,GUN OFFENDER: ANNUAL REGISTRATION,497,102,0,0,0,0,0,0,0,0,0,-100,-100,NA,NA,18.7,3.8,0,0,0,0,0,0,0
Misc Non-Index Offense,GUN OFFENDER: DUTY TO REGISTER,150,33,0,0,0,0,0,0,0,0,0,-100,-100,NA,NA,5.6,1.2,0,0,0,0,0,0,0
Misc Non-Index Offense,GUN OFFENDER: DUTY TO REPORT CHANGE OF INFORMATION,210,39,0,0,0,0,0,0,0,0,0,-100,-100,NA,NA,7.9,1.5,0,0,0,0,0,0,0
Misc Non-Index Offense,HARASSMENT BY ELECTRONIC MEANS,2689,2160,2360,2420,2484,2642,2503,1738,2387,7629,2543,-6.9,-11.2,-4.6,-6,100.9,81.1,88.6,90.8,93.2,99.2,93.9,89.6,95.4
Misc Non-Index Offense,HARASSMENT BY TELEPHONE,2554,2058,2404,2545,2633,2673,2618,1939,2573,7924,2641.3,2.5,0.7,-1.7,-3,95.9,77.2,90.2,95.5,98.8,100.3,98.3,96.6,99.1
Misc Non-Index Offense,HAZARDOUS MATERIALS VIOLATION,3,2,0,0,1,2,3,1,2,6,2,0,-33.3,-33.3,0,0.1,0.1,0,0,0,0.1,0.1,0.1,0.1
Misc Non-Index Offense,INTERFERE W/ EMERGENCY EQUIP,1,0,0,0,0,0,0,0,0,0,0,-100,-100,NA,NA,0,0,0,0,0,0,0,0,0
Misc Non-Index Offense,INTERFERE WITH EMERGENCY EQUIPMENT,0,4,2,0,1,2,0,0,0,3,1,NA,NA,NA,-100,0,0.2,0.1,0,0,0.1,0,0,0
Misc Non-Index Offense,INTERFERENCE JUDICIAL PROCESS,7,3,12,8,9,7,12,7,7,28,9.3,71.4,0,-41.7,-25,0.3,0.1,0.5,0.3,0.3,0.3,0.5,0.3,0.3
Misc Non-Index Offense,INTERNET OFFENSES - ELECTRONIC FENCING,0,0,0,0,0,1,4,1,2,5,1.7,NA,NA,-50,18,0,0,0,0,0,0,0.2,0.1,0.1
Misc Non-Index Offense,INTERNET OFFENSES - INTENT OF ONLINE SALE OF STOLEN PROPERTY,0,0,0,0,0,0,1,0,0,1,0.3,NA,NA,-100,-100,0,0,0,0,0,0,0,0,0
Misc Non-Index Offense,INTIMIDATION,92,54,51,97,89,161,145,185,233,395,131.7,57.6,153.3,60.7,77,3.5,2,1.9,3.6,3.3,6,5.4,8.7,4.9
Misc Non-Index Offense,KIDNAPPING,16,14,12,20,24,14,13,9,11,51,17,-18.8,-31.2,-15.4,-35,0.6,0.5,0.5,0.8,0.9,0.5,0.5,0.4,0.6
Misc Non-Index Offense,LICENSE VIOLATION,345,319,429,375,414,363,474,307,429,1251,417,37.4,24.3,-9.5,3,12.9,12,16.1,14.1,15.5,13.6,17.8,16.1,15.7
Misc Non-Index Offense,LOOTING,0,397,0,0,0,0,0,0,0,0,0,NA,NA,NA,NA,0,14.9,0,0,0,0,0,0,0
Misc Non-Index Offense,MINOR DISSEMINATE INDECENT DEPICT ANOTHER MINOR ELEC DEVICE,0,0,0,0,0,2,15,11,13,17,5.7,NA,NA,-13.3,128,0,0,0,0,0,0.1,0.6,0.5,0.2
Misc Non-Index Offense,MONEY LAUNDERING,2,1,5,0,5,1,9,19,22,15,5,350,1000,144.4,340,0.1,0,0.2,0,0.2,0,0.3,0.8,0.2
Misc Non-Index Offense,OFFICIAL MISCONDUCT,4,3,0,0,2,1,1,2,2,4,1.3,-75,-50,100,54,0.2,0.1,0,0,0.1,0,0,0.1,0
Misc Non-Index Offense,OTHER ARSON / EXPLOSIVE INCIDENT,0,8,8,3,7,1,3,7,7,11,3.7,NA,NA,133.3,89,0,0.3,0.3,0.1,0.3,0,0.1,0.3,0.1
Misc Non-Index Offense,OTHER ARSON/EXPLOSIVE INCIDENT,8,1,0,0,0,0,0,0,0,0,0,-100,-100,NA,NA,0.3,0,0,0,0,0,0,0,0
Misc Non-Index Offense,OTHER CRIME AGAINST PERSON,506,421,429,440,493,434,434,317,418,1361,453.7,-14.2,-17.4,-3.7,-8,19,15.8,16.1,16.5,18.5,16.3,16.3,15.7,17
Misc Non-Index Offense,OTHER CRIME INVOLVING PROPERTY,275,264,218,227,239,286,274,183,242,799,266.3,-0.4,-12,-11.7,-9,10.3,9.9,8.2,8.5,9,10.7,10.3,9.1,10
Misc Non-Index Offense,OTHER OFFENSE,341,418,392,330,261,261,288,223,271,810,270,-15.5,-20.5,-5.9,0,12.8,15.7,14.7,12.4,9.8,9.8,10.8,10.2,10.1
Misc Non-Index Offense,OTHER VEHICLE OFFENSE,1267,1079,1107,894,823,824,806,621,796,2453,817.7,-36.4,-37.2,-1.2,-3,47.6,40.5,41.5,33.6,30.9,30.9,30.3,29.9,30.7
Misc Non-Index Offense,OTHER VIOLATION,116,68,72,87,84,104,148,137,170,336,112,27.6,46.6,14.9,52,4.4,2.6,2.7,3.3,3.2,3.9,5.6,6.4,4.2
Misc Non-Index Offense,OTHER WEAPONS VIOLATION,139,102,46,60,71,73,94,51,72,238,79.3,-32.4,-48.2,-23.4,-9,5.2,3.8,1.7,2.3,2.7,2.7,3.5,2.7,3
Misc Non-Index Offense,PAROLE VIOLATION,17,6,2,1,1,1,4,1,4,6,2,-76.5,-76.5,0,100,0.6,0.2,0.1,0,0,0,0.2,0.2,0.1
Misc Non-Index Offense,PLACE VIDEO RECORD/TRANSMIT DEVICE - RESTROOM/TAN SALON/CHNG,0,0,0,0,0,5,7,5,7,12,4,NA,NA,0,75,0,0,0,0,0,0.2,0.3,0.3,0.2
Misc Non-Index Offense,POSSESSION OF BURGLARY TOOLS,9,4,4,9,4,25,21,13,17,50,16.7,133.3,88.9,-19,2,0.3,0.2,0.2,0.3,0.2,0.9,0.8,0.6,0.6
Misc Non-Index Offense,PROBATION VIOLATION,5,1,2,0,1,2,1,1,2,4,1.3,-80,-60,100,54,0.2,0,0.1,0,0,0.1,0,0.1,0
Misc Non-Index Offense,PUBLIC DEMONSTRATION,8,6,2,2,1,8,5,6,6,14,4.7,-37.5,-25,20,28,0.3,0.2,0.1,0.1,0,0.3,0.2,0.2,0.2
Misc Non-Index Offense,SALE / DELIVER - DRUG PARAPHERNALIA,1,1,5,4,5,13,11,12,13,29,9.7,1000,1200,18.2,34,0,0,0.2,0.2,0.2,0.5,0.4,0.5,0.4
Misc Non-Index Offense,SALE OF TOBACCO PRODUCTS TO MINOR,0,1,2,0,0,1,0,0,0,1,0.3,NA,NA,NA,-100,0,0,0.1,0,0,0,0,0,0
Misc Non-Index Offense,SALE TOBACCO PRODUCTS TO MINOR,3,1,0,0,0,0,0,0,0,0,0,-100,-100,NA,NA,0.1,0,0,0,0,0,0,0,0
Misc Non-Index Offense,SALE/DEL DRUG PARAPHERNALIA,2,0,0,0,0,0,0,0,0,0,0,-100,-100,NA,NA,0.1,0,0,0,0,0,0,0,0
Misc Non-Index Offense,SELL / ADVERTISE FIREWORKS,0,0,2,3,1,3,1,4,4,5,1.7,NA,NA,300,135,0,0,0.1,0.1,0,0.1,0,0.2,0.1
Misc Non-Index Offense,SEX OFFENDER - FAIL TO REGISTER,19,92,192,100,228,251,298,253,333,777,259,1468.4,1652.6,11.7,29,0.7,3.5,7.2,3.8,8.6,9.4,11.2,12.5,9.7
Misc Non-Index Offense,SEX OFFENDER - FAIL TO REGISTER NEW ADDRESS,8,25,206,16,317,179,186,123,238,682,227.3,2225,2875,28,5,0.3,0.9,7.7,0.6,11.9,6.7,7,8.9,8.5
Misc Non-Index Offense,SEX OFFENDER - PROHIBITED ZONE,0,0,0,1,1,4,7,8,9,12,4,NA,NA,28.6,125,0,0,0,0,0,0.2,0.3,0.3,0.2
Misc Non-Index Offense,SEX OFFENDER: FAIL REG NEW ADD,177,21,0,0,0,0,0,0,0,0,0,-100,-100,NA,NA,6.6,0.8,0,0,0,0,0,0,0
Misc Non-Index Offense,SEX OFFENDER: FAIL TO REGISTER,326,47,0,0,0,0,0,0,0,0,0,-100,-100,NA,NA,12.2,1.8,0,0,0,0,0,0,0
Misc Non-Index Offense,SEX OFFENDER: PROHIBITED ZONE,3,0,0,0,0,0,0,0,0,0,0,-100,-100,NA,NA,0.1,0,0,0,0,0,0,0,0
Misc Non-Index Offense,SOLICIT NARCOTICS ON PUBLIC WAY,0,134,71,144,125,45,89,29,37,259,86.3,NA,NA,-58.4,-57,0,5,2.7,5.4,4.7,1.7,3.3,1.4,3.2
Misc Non-Index Offense,SOLICIT NARCOTICS ON PUBLICWAY,678,137,0,0,0,0,0,0,0,0,0,-100,-100,NA,NA,25.4,5.1,0,0,0,0,0,0,0
Misc Non-Index Offense,TAMPER WITH MOTOR VEHICLE,22,19,17,17,19,5,2,11,11,26,8.7,-90.9,-50,450,26,0.8,0.7,0.6,0.6,0.7,0.2,0.1,0.4,0.3
Misc Non-Index Offense,TELEPHONE THREAT,3570,3045,3720,3598,3577,3479,3128,2157,2876,10184,3394.7,-12.4,-19.4,-8.1,-15,134,114.3,139.6,135,134.2,130.6,117.4,107.9,127.4
Misc Non-Index Offense,TIRE DEFLATION DEVICE DEPLOYMENT,0,0,0,0,15,36,89,45,62,140,46.7,NA,NA,-30.3,33,0,0,0,0,0.6,1.4,3.3,2.3,1.8
Misc Non-Index Offense,TO AIRPORT,33,22,26,20,17,25,38,24,29,80,26.7,15.2,-12.1,-23.7,9,1.2,0.8,1,0.8,0.6,0.9,1.4,1.1,1
Misc Non-Index Offense,TO LAND,4125,2226,1849,2359,2684,2977,3334,2647,3542,8995,2998.3,-19.2,-14.1,6.2,18,154.8,83.5,69.4,88.5,100.7,111.7,125.1,132.9,112.5
Misc Non-Index Offense,TO RESIDENCE,1349,1059,890,1021,1190,1240,1200,925,1246,3630,1210,-11,-7.6,3.8,3,50.6,39.7,33.4,38.3,44.7,46.5,45,46.8,45.4
Misc Non-Index Offense,TO STATE SUP LAND,458,229,147,248,190,149,158,116,168,497,165.7,-65.5,-63.3,6.3,1,17.2,8.6,5.5,9.3,7.1,5.6,5.9,6.3,6.2
Misc Non-Index Offense,TO VEHICLE,854,641,494,575,641,560,596,402,561,1797,599,-30.2,-34.3,-5.9,-6,32.1,24.1,18.5,21.6,24.1,21,22.4,21.1,22.5
Misc Non-Index Offense,UNAUTH VIDEO RECORD/TRANSMIT LIVE VIDEO UNDER/THRU CLOTHES,0,0,0,0,0,1,10,14,16,11,3.7,NA,NA,60,332,0,0,0,0,0,0,0.4,0.6,0.1
Misc Non-Index Offense,UNLAWFUL INTERFERE/VISITATION,33,6,0,0,0,0,0,0,0,0,0,-100,-100,NA,NA,1.2,0.2,0,0,0,0,0,0,0
Misc Non-Index Offense,UNLAWFUL RESTRAINT,44,41,28,34,40,30,14,29,32,84,28,-68.2,-27.3,128.6,14,1.7,1.5,1.1,1.3,1.5,1.1,0.5,1.2,1.1
Misc Non-Index Offense,UNLAWFUL USE OF BODY ARMOR,1,0,0,0,0,1,2,0,0,3,1,100,-100,-100,-100,0,0,0,0,0,0,0.1,0,0
Misc Non-Index Offense,UNLAWFUL VISITATION INTERFERENCE,0,24,15,22,28,22,24,24,33,74,24.7,NA,NA,37.5,34,0,0.9,0.6,0.8,1.1,0.8,0.9,1.2,0.9
Misc Non-Index Offense,VEHICLE TITLE / REGISTRATION OFFENSE,3,190,274,473,440,794,876,475,676,2110,703.3,29100,22433.3,-22.8,-4,0.1,7.1,10.3,17.8,16.5,29.8,32.9,25.4,26.4
Misc Non-Index Offense,VEHICLE TITLE/REG OFFENSE,777,176,0,0,0,0,0,0,0,0,0,-100,-100,NA,NA,29.2,6.6,0,0,0,0,0,0,0
Misc Non-Index Offense,VIO BAIL BOND: DOM VIOLENCE,18,9,0,0,0,0,0,0,0,0,0,-100,-100,NA,NA,0.7,0.3,0,0,0,0,0,0,0
Misc Non-Index Offense,VIOLATE ORDER OF PROTECTION,1819,1481,1451,1793,1927,2285,2499,1778,2437,6711,2237,37.4,34,-2.5,9,68.3,55.6,54.5,67.3,72.3,85.8,93.8,91.5,84
Misc Non-Index Offense,VIOLATION GPS MONITORING DEVICE,23,33,41,89,103,122,70,50,64,295,98.3,204.3,178.3,-8.6,-35,0.9,1.2,1.5,3.3,3.9,4.6,2.6,2.4,3.7
Misc Non-Index Offense,VIOLATION OF BAIL BOND - DOMESTIC VIOLENCE,0,24,13,29,24,23,20,19,23,67,22.3,NA,NA,15,3,0,0.9,0.5,1.1,0.9,0.9,0.8,0.9,0.8
Misc Non-Index Offense,VIOLATION OF CIVIL NO CONTACT ORDER,116,82,146,127,156,161,162,142,182,479,159.7,39.7,56.9,12.3,14,4.4,3.1,5.5,4.8,5.9,6,6.1,6.8,6
Misc Non-Index Offense,VIOLATION OF SMOKING BAN,3,2,1,1,3,1,11,3,5,15,5,266.7,66.7,-54.5,0,0.1,0.1,0,0,0.1,0,0.4,0.2,0.2
Misc Non-Index Offense,VIOLATION OF STALKING NO CONTACT ORDER,32,21,98,89,108,124,163,141,183,395,131.7,409.4,471.9,12.3,39,1.2,0.8,3.7,3.3,4.1,4.7,6.1,6.9,4.9
Misc Non-Index Offense,VIOLATION OF SUMMARY CLOSURE,2,4,3,4,2,2,1,2,2,5,1.7,-50,0,100,18,0.1,0.2,0.1,0.2,0.1,0.1,0,0.1,0.1
Misc Non-Index Offense,VIOLENT OFFENDER - ANNUAL REGISTRATION,1,26,27,29,28,28,49,54,63,105,35,4800,6200,28.6,80,0,1,1,1.1,1.1,1.1,1.8,2.4,1.3
Misc Non-Index Offense,VIOLENT OFFENDER - DUTY TO REGISTER,1,5,12,17,28,21,31,35,42,80,26.7,3000,4100,35.5,57,0,0.2,0.5,0.6,1.1,0.8,1.2,1.6,1
Misc Non-Index Offense,VIOLENT OFFENDER - FAIL TO REGISTER NEW ADDRESS,0,3,5,5,7,15,18,118,121,40,13.3,NA,NA,572.2,810,0,0.1,0.2,0.2,0.3,0.6,0.7,4.5,0.5
Misc Non-Index Offense,VIOLENT OFFENDER: ANNUAL REGISTRATION,48,17,0,0,0,0,0,0,0,0,0,-100,-100,NA,NA,1.8,0.6,0,0,0,0,0,0,0
Misc Non-Index Offense,VIOLENT OFFENDER: DUTY TO REGISTER,28,6,0,0,0,0,0,0,0,0,0,-100,-100,NA,NA,1.1,0.2,0,0,0,0,0,0,0
Misc Non-Index Offense,VIOLENT OFFENDER: FAIL TO REGISTER NEW ADDRESS,17,2,0,0,0,0,0,0,0,0,0,-100,-100,NA,NA,0.6,0.1,0,0,0,0,0,0,0
Motor Vehicle Theft,ATT: AUTOMOBILE,198,20,0,0,0,0,0,0,0,0,0,-100,-100,NA,NA,7.4,0.8,0,0,0,0,0,0,0
Motor Vehicle Theft,"ATT: TRUCK, BUS, MOTOR HOME",6,1,0,0,0,0,0,0,0,0,0,-100,-100,NA,NA,0.2,0,0,0,0,0,0,0,0
Motor Vehicle Theft,ATTEMPT - AUTOMOBILE,1,127,127,2339,5887,3294,2099,1345,1882,11280,3760,209800,188100,-10.3,-50,0,4.8,4.8,87.8,220.9,123.6,78.8,70.6,141.1
Motor Vehicle Theft,"ATTEMPT - CYCLE, SCOOTER, BIKE NO VIN",0,0,1,1,1,1,1,0,0,3,1,NA,NA,-100,-100,0,0,0,0,0,0,0,0,0
Motor Vehicle Theft,"ATTEMPT - CYCLE, SCOOTER, BIKE WITH VIN",0,3,2,10,13,7,8,4,5,28,9.3,NA,NA,-37.5,-46,0,0.1,0.1,0.4,0.5,0.3,0.3,0.2,0.3
Motor Vehicle Theft,"ATTEMPT - TRUCK, BUS, MOTOR HOME",0,1,4,16,34,23,20,14,22,77,25.7,NA,NA,10,-14,0,0,0.2,0.6,1.3,0.9,0.8,0.8,1
Motor Vehicle Theft,"ATTEMPT: CYCLE, SCOOTER, BIKE NO VIN",1,0,0,0,0,0,0,0,0,0,0,-100,-100,NA,NA,0,0,0,0,0,0,0,0,0
Motor Vehicle Theft,"ATTEMPT: CYCLE, SCOOTER, BIKE W-VIN",5,0,0,0,0,0,0,0,0,0,0,-100,-100,NA,NA,0.2,0,0,0,0,0,0,0,0
Motor Vehicle Theft,AUTOMOBILE,7823,8802,9657,17162,20055,15943,13333,10565,14296,49331,16443.7,70.4,82.7,7.2,-13,293.6,330.3,362.4,644.1,752.7,598.4,500.4,536.5,617.2
Motor Vehicle Theft,"CYCLE, SCOOTER, BIKE NO VIN",8,17,24,51,54,54,49,35,46,157,52.3,512.5,475,-6.1,-12,0.3,0.6,0.9,1.9,2,2,1.8,1.7,2
Motor Vehicle Theft,"CYCLE, SCOOTER, BIKE W-VIN",161,3,0,0,0,0,0,0,0,0,0,-100,-100,NA,NA,6,0.1,0,0,0,0,0,0,0
Motor Vehicle Theft,"CYCLE, SCOOTER, BIKE WITH VIN",11,247,174,274,391,343,226,270,311,960,320,1954.5,2727.3,37.6,-3,0.4,9.3,6.5,10.3,14.7,12.9,8.5,11.7,12
Motor Vehicle Theft,THEFT / RECOVERY - AUTOMOBILE,6,511,521,1476,2665,1927,1393,1298,1682,5985,1995,23116.7,27933.3,20.7,-16,0.2,19.2,19.6,55.4,100,72.3,52.3,63.1,74.9
Motor Vehicle Theft,"THEFT / RECOVERY - CYCLE, SCOOTER, BIKE NO VIN",0,0,0,4,2,2,1,0,0,5,1.7,NA,NA,-100,-100,0,0,0,0.2,0.1,0.1,0,0,0.1
Motor Vehicle Theft,"THEFT / RECOVERY - CYCLE, SCOOTER, BIKE WITH VIN",1,14,2,13,26,16,19,14,18,61,20.3,1800,1700,-5.3,-11,0,0.5,0.1,0.5,1,0.6,0.7,0.7,0.8
Motor Vehicle Theft,"THEFT / RECOVERY - TRUCK, BUS, MOBILE HOME",1,21,18,19,20,14,26,9,17,60,20,2500,1600,-34.6,-15,0,0.8,0.7,0.7,0.8,0.5,1,0.6,0.8
Motor Vehicle Theft,THEFT/RECOVERY: AUTOMOBILE,588,86,0,0,0,0,0,0,0,0,0,-100,-100,NA,NA,22.1,3.2,0,0,0,0,0,0,0
Motor Vehicle Theft,"THEFT/RECOVERY: CYCLE, SCOOTER, BIKE NO VIN",1,0,0,0,0,0,0,0,0,0,0,-100,-100,NA,NA,0,0,0,0,0,0,0,0,0
Motor Vehicle Theft,"THEFT/RECOVERY: TRUCK,BUS,MHOME",25,3,0,0,0,0,0,0,0,0,0,-100,-100,NA,NA,0.9,0.1,0,0,0,0,0,0,0
Motor Vehicle Theft,"TRUCK, BUS, MOTOR HOME",141,103,72,111,108,89,83,54,75,280,93.3,-41.1,-46.8,-9.6,-20,5.3,3.9,2.7,4.2,4.1,3.3,3.1,2.8,3.5
Murder,FIRST DEGREE MURDER,498,787,804,730,632,593,435,323,427,1660,553.3,-12.7,-14.3,-1.8,-23,18.7,29.5,30.2,27.4,23.7,22.3,16.3,16,20.8
Murder,SECOND DEGREE MURDER,0,0,0,1,0,0,0,0,0,0,0,NA,NA,NA,NA,0,0,0,0,0,0,0,0,0
Obscenity,DISTRIBUTION PHOTOGRAPH DEPICTING SEX ORGANS OF CHILD,0,0,0,1,0,3,5,9,12,8,2.7,NA,NA,140,344,0,0,0,0,0,0.1,0.2,0.5,0.1
Obscenity,POST GRAPHIC INFO PORGNOGRAPHIC INTERNET OR POSS GRAPHIC INF,0,0,0,1,1,12,14,12,15,27,9,NA,NA,7.1,67,0,0,0,0,0,0.5,0.5,0.6,0.3
Offenses Against Family,AGG CRIM SEX ABUSE FAM MEMBER,175,5,0,0,0,0,0,0,0,0,0,-100,-100,NA,NA,6.6,0.2,0,0,0,0,0,0,0
Offenses Against Family,AGGRAVATED CRIMINAL SEXUAL ABUSE BY FAMILY MEMBER,128,224,201,271,257,208,148,107,133,613,204.3,15.6,3.9,-10.1,-35,4.8,8.4,7.5,10.2,9.6,7.8,5.6,5,7.7
Offenses Against Family,CHILD ABDUCTION,69,76,70,51,57,53,45,35,43,155,51.7,-34.8,-37.7,-4.4,-17,2.6,2.9,2.6,1.9,2.1,2,1.7,1.6,1.9
Offenses Against Family,CHILD ABDUCTION / STRANGER,2,20,23,34,33,22,28,21,27,83,27.7,1300,1250,-3.6,-3,0.1,0.8,0.9,1.3,1.2,0.8,1.1,1,1
Offenses Against Family,CHILD ABDUCTION/STRANGER,62,6,0,0,0,0,0,0,0,0,0,-100,-100,NA,NA,2.3,0.2,0,0,0,0,0,0,0
Offenses Against Family,CHILD ABUSE,748,475,516,504,487,422,393,295,407,1302,434,-47.5,-45.6,3.6,-6,28.1,17.8,19.4,18.9,18.3,15.8,14.7,15.3,16.3
Offenses Against Family,CONTRIBUTE DELINQUENCY OF A CHILD,10,0,0,0,0,0,0,0,0,0,0,-100,-100,NA,NA,0.4,0,0,0,0,0,0,0,0
Offenses Against Family,CONTRIBUTE TO THE DELINQUENCY OF CHILD,0,8,8,4,8,10,10,10,11,28,9.3,NA,NA,10,18,0,0.3,0.3,0.2,0.3,0.4,0.4,0.4,0.3
Offenses Against Family,CRIM SEX ABUSE BY FAM MEMBER,59,2,0,0,0,0,0,0,0,0,0,-100,-100,NA,NA,2.2,0.1,0,0,0,0,0,0,0
Offenses Against Family,CRIMINAL SEXUAL ABUSE BY FAMILY MEMBER,43,82,107,107,85,67,71,51,67,223,74.3,65.1,55.8,-5.6,-10,1.6,3.1,4,4,3.2,2.5,2.7,2.5,2.8
Offenses Against Family,HARBOR RUNAWAY,8,5,2,4,6,2,5,3,5,13,4.3,-37.5,-37.5,0,16,0.3,0.2,0.1,0.2,0.2,0.1,0.2,0.2,0.2
Prostitution,CALL OPERATION,0,0,0,2,0,1,1,0,0,2,0.7,NA,NA,-100,-100,0,0,0,0.1,0,0,0,0,0
Prostitution,IN TAVERN,0,1,0,0,0,0,0,0,0,0,0,NA,NA,NA,NA,0,0,0,0,0,0,0,0,0
Prostitution,JUVENILE PIMPING,0,0,0,0,0,0,2,0,0,2,0.7,NA,NA,-100,-100,0,0,0,0,0,0,0.1,0,0
Prostitution,KEEPING PLACE OF JUVENILE PROSTITUTION,0,0,0,0,0,1,0,1,1,1,0.3,NA,NA,NA,233,0,0,0,0,0,0,0,0,0
Prostitution,KEEPING PLACE OF PROSTITUTION,0,0,0,0,0,1,1,1,1,2,0.7,NA,NA,0,43,0,0,0,0,0,0,0,0,0
Prostitution,OTHER PROSTITUTION OFFENSE,10,5,0,1,4,14,26,16,18,44,14.7,160,80,-30.8,22,0.4,0.2,0,0,0.2,0.5,1,0.7,0.6
Prostitution,PANDERING,1,2,0,0,1,0,0,1,1,1,0.3,-100,0,NA,233,0,0.1,0,0,0,0,0,0,0
Prostitution,PATRONIZING A PROSTITUTE,1,0,0,0,0,0,0,0,0,0,0,-100,-100,NA,NA,0,0,0,0,0,0,0,0,0
Prostitution,PIMPING,1,1,0,0,1,1,0,0,0,2,0.7,-100,-100,NA,-100,0,0,0,0,0,0,0,0,0
Prostitution,POS: PORNOGRAPHIC PRINT,14,4,0,0,0,0,0,0,0,0,0,-100,-100,NA,NA,0.5,0.2,0,0,0,0,0,0,0
Prostitution,POSSESSION OF PORNOGRAPHIC PRINT,3,3,8,4,2,6,0,1,1,8,2.7,-100,-66.7,NA,-63,0.1,0.1,0.3,0.2,0.1,0.2,0,0,0.1
Prostitution,SEXUAL EXPLOITATION OF A CHILD,64,56,70,84,60,52,58,41,58,170,56.7,-9.4,-9.4,0,2,2.4,2.1,2.6,3.2,2.3,2,2.2,2.2,2.1
Prostitution,SOLICIT FOR BUSINESS,54,1,0,0,0,0,0,0,0,0,0,-100,-100,NA,NA,2,0,0,0,0,0,0,0,0
Prostitution,SOLICIT FOR PROSTITUTE,28,3,0,0,0,0,0,0,0,0,0,-100,-100,NA,NA,1.1,0.1,0,0,0,0,0,0,0
Prostitution,SOLICIT OFF PUBLIC WAY,6,5,0,2,9,0,1,1,1,10,3.3,-83.3,-83.3,0,-70,0.2,0.2,0,0.1,0.3,0,0,0,0.1
Prostitution,SOLICIT ON PUBLIC WAY,580,254,91,264,181,269,141,74,111,591,197,-75.7,-80.9,-21.3,-44,21.8,9.5,3.4,9.9,6.8,10.1,5.3,4.2,7.4
Prostitution,SOLICITING FOR A PROSTITUTE,0,3,2,2,2,7,4,6,9,13,4.3,NA,NA,125,109,0,0.1,0.1,0.1,0.1,0.3,0.2,0.3,0.2
Prostitution,SOLICITING FOR BUSINESS,0,2,2,12,11,14,13,6,8,38,12.7,NA,NA,-38.5,-37,0,0.1,0.1,0.5,0.4,0.5,0.5,0.3,0.5
Robbery,AGGRAVATED,452,401,342,449,513,524,346,205,297,1383,461,-23.5,-34.3,-14.2,-36,17,15,12.8,16.9,19.3,19.7,13,11.1,17.3
Robbery,AGGRAVATED VEHICULAR HIJACKING,418,932,1348,1244,1000,700,319,173,242,2019,673,-23.7,-42.1,-24.1,-64,15.7,35,50.6,46.7,37.5,26.3,12,9.1,25.3
Robbery,ARMED - HANDGUN,143,2281,2604,3565,5458,3636,2058,1270,1708,11152,3717.3,1339.2,1094.4,-17,-54,5.4,85.6,97.7,133.8,204.8,136.5,77.2,64.1,139.5
Robbery,ARMED - KNIFE / CUTTING INSTRUMENT,13,276,301,346,365,469,277,168,236,1111,370.3,2030.8,1715.4,-14.8,-36,0.5,10.4,11.3,13,13.7,17.6,10.4,8.9,13.9
Robbery,ARMED - OTHER DANGEROUS WEAPON,13,245,240,220,276,361,250,140,192,887,295.7,1823.1,1376.9,-23.2,-35,0.5,9.2,9,8.3,10.4,13.5,9.4,7.2,11.1
Robbery,ARMED - OTHER FIREARM,5,36,38,70,152,101,67,37,64,320,106.7,1240,1180,-4.5,-40,0.2,1.4,1.4,2.6,5.7,3.8,2.5,2.4,4
Robbery,ARMED: HANDGUN,2501,319,0,0,0,0,0,0,0,0,0,-100,-100,NA,NA,93.9,12,0,0,0,0,0,0,0
Robbery,ARMED: OTHER DANGEROUS WEAPON,315,37,0,0,0,0,0,0,0,0,0,-100,-100,NA,NA,11.8,1.4,0,0,0,0,0,0,0
Robbery,ARMED: OTHER FIREARM,40,15,0,0,0,0,0,0,0,0,0,-100,-100,NA,NA,1.5,0.6,0,0,0,0,0,0,0
Robbery,ARMED:KNIFE/CUTTING INSTRUMENT,353,48,0,0,0,0,0,0,0,0,0,-100,-100,NA,NA,13.2,1.8,0,0,0,0,0,0,0
Robbery,ATTEMPT AGGRAVATED,4,38,61,68,88,69,42,20,33,199,66.3,950,725,-21.4,-50,0.2,1.4,2.3,2.6,3.3,2.6,1.6,1.2,2.5
Robbery,ATTEMPT ARMED - HANDGUN,19,253,344,348,462,318,147,97,134,927,309,673.7,605.3,-8.8,-57,0.7,9.5,12.9,13.1,17.3,11.9,5.5,5,11.6
Robbery,ATTEMPT ARMED - KNIFE / CUTTING INSTRUMENT,6,60,57,51,59,59,50,21,29,168,56,733.3,383.3,-42,-48,0.2,2.3,2.1,1.9,2.2,2.2,1.9,1.1,2.1
Robbery,ATTEMPT ARMED - OTHER DANGEROUS WEAPON,3,35,38,43,49,38,26,14,17,113,37.7,766.7,466.7,-34.6,-55,0.1,1.3,1.4,1.6,1.8,1.4,1,0.6,1.4
Robbery,ATTEMPT ARMED - OTHER FIREARM,0,13,12,16,32,16,11,16,17,59,19.7,NA,NA,54.5,-14,0,0.5,0.5,0.6,1.2,0.6,0.4,0.6,0.7
Robbery,ATTEMPT ARMED: HANDGUN,0,1,0,0,0,0,0,0,0,0,0,NA,NA,NA,NA,0,0,0,0,0,0,0,0,0
Robbery,ATTEMPT STRONG ARM - NO WEAPON,9,206,234,264,254,227,182,105,134,663,221,1922.2,1388.9,-26.4,-39,0.3,7.7,8.8,9.9,9.5,8.5,6.8,5,8.3
Robbery,ATTEMPT STRONG ARM: NO WEAPON,0,1,0,0,0,0,0,0,0,0,0,NA,NA,NA,NA,0,0,0,0,0,0,0,0,0
Robbery,ATTEMPT: AGGRAVATED,53,5,0,0,0,0,0,0,0,0,0,-100,-100,NA,NA,2,0.2,0,0,0,0,0,0,0
Robbery,ATTEMPT: ARMED-HANDGUN,220,29,0,0,0,0,0,0,0,0,0,-100,-100,NA,NA,8.3,1.1,0,0,0,0,0,0,0
Robbery,ATTEMPT: ARMED-KNIFE/CUT INSTR,73,8,0,0,0,0,0,0,0,0,0,-100,-100,NA,NA,2.7,0.3,0,0,0,0,0,0,0
Robbery,ATTEMPT: ARMED-OTHER DANG WEAP,52,4,0,0,0,0,0,0,0,0,0,-100,-100,NA,NA,2,0.2,0,0,0,0,0,0,0
Robbery,ATTEMPT: ARMED-OTHER FIREARM,6,3,0,0,0,0,0,0,0,0,0,-100,-100,NA,NA,0.2,0.1,0,0,0,0,0,0,0
Robbery,ATTEMPT: STRONGARM-NO WEAPON,314,37,0,0,0,0,0,0,0,0,0,-100,-100,NA,NA,11.8,1.4,0,0,0,0,0,0,0
Robbery,STRONG ARM - NO WEAPON,70,1819,1797,1886,2056,2351,1880,1163,1598,6287,2095.7,2585.7,2182.9,-15,-24,2.6,68.3,67.4,70.8,77.2,88.2,70.6,60,78.7
Robbery,STRONGARM - NO WEAPON,2728,266,0,0,0,0,0,0,0,0,0,-100,-100,NA,NA,102.4,10,0,0,0,0,0,0,0
Robbery,STRONGARM: NO WEAPON,0,6,0,0,0,0,0,0,0,0,0,NA,NA,NA,NA,0,0.2,0,0,0,0,0,0,0
Robbery,VEHICULAR HIJACKING,185,481,502,401,295,251,160,106,143,706,235.3,-13.5,-22.7,-10.6,-39,6.9,18.1,18.8,15,11.1,9.4,6,5.4,8.8
Simple Assault,AGG PO HANDS NO/MIN INJURY,258,44,0,0,0,0,0,0,0,0,0,-100,-100,NA,NA,9.7,1.7,0,0,0,0,0,0,0
Simple Assault,AGGRAVATED,3,5,3,2,3,4,5,3,4,12,4,66.7,33.3,-20,0,0.1,0.2,0.1,0.1,0.1,0.2,0.2,0.2,0.2
Simple Assault,"AGGRAVATED POLICE OFFICER - HANDS, FISTS, FEET, NO INJURY",0,125,94,94,144,142,171,139,176,457,152.3,NA,NA,2.9,16,0,4.7,3.5,3.5,5.4,5.3,6.4,6.6,5.7
Simple Assault,CYBERSTALKING,19,30,34,52,56,53,54,53,67,163,54.3,184.2,252.6,24.1,23,0.7,1.1,1.3,2,2.1,2,2,2.5,2
Simple Assault,INTIMIDATION OF LAW ENFORCEMENT OFFICIAL,1,2,1,0,1,2,0,0,0,3,1,-100,-100,NA,-100,0,0.1,0,0,0,0.1,0,0,0
Simple Assault,PRO EMP HANDS NO/MIN INJURY,630,125,0,0,0,0,0,0,0,0,0,-100,-100,NA,NA,23.6,4.7,0,0,0,0,0,0,0
Simple Assault,"PROTECTED EMPLOYEE - HANDS, FISTS, FEET, NO / MINOR INJURY",0,184,253,227,258,316,295,233,308,869,289.7,NA,NA,4.4,6,0,6.9,9.5,8.5,9.7,11.9,11.1,11.6,10.9
Simple Assault,SIMPLE,14064,11659,12988,13527,14891,15461,14903,10796,14423,45255,15085,6,2.6,-3.2,-4,527.8,437.6,487.5,507.7,558.9,580.3,559.3,541.3,566.2
Simple Battery,AGG PO HANDS NO/MIN INJURY,708,87,0,0,0,0,0,0,0,0,0,-100,-100,NA,NA,26.6,3.3,0,0,0,0,0,0,0
Simple Battery,AGG: HANDS/FIST/FEET NO/MINOR INJURY,171,23,0,0,0,0,0,0,0,0,0,-100,-100,NA,NA,6.4,0.9,0,0,0,0,0,0,0
Simple Battery,"AGGRAVATED - HANDS, FISTS, FEET, NO / MINOR INJURY",1,129,159,218,245,287,283,244,311,815,271.7,28200,31000,9.9,14,0,4.8,6,8.2,9.2,10.8,10.6,11.7,10.2
Simple Battery,AGGRAVATED OF A UNBORN CHILD,5,0,0,0,0,0,0,0,0,0,0,-100,-100,NA,NA,0.2,0,0,0,0,0,0,0,0
Simple Battery,AGGRAVATED OF AN UNBORN CHILD,0,10,10,3,8,3,8,6,7,19,6.3,NA,NA,-12.5,11,0,0.4,0.4,0.1,0.3,0.1,0.3,0.3,0.2
Simple Battery,"AGGRAVATED P.O. - HANDS, FISTS, FEET, NO / MINOR INJURY",5,515,374,435,538,667,731,547,711,1936,645.3,14520,14120,-2.7,10,0.2,19.3,14,16.3,20.2,25,27.4,26.7,24.2
Simple Battery,AGGRAVATED: HANDS / FIST / FEET NO / MINOR INJURY,0,1,0,0,0,0,0,0,0,0,0,NA,NA,NA,NA,0,0,0,0,0,0,0,0,0
Simple Battery,DOMESTIC BATTERY SIMPLE,23607,20686,19621,18703,19878,20430,18818,14025,18728,59126,19708.7,-20.3,-20.7,-0.5,-5,886,776.4,736.4,701.9,746,766.8,706.3,702.9,739.7
Simple Battery,OF AN UNBORN CHILD,0,3,7,6,6,4,2,6,6,12,4,NA,NA,200,50,0,0.1,0.3,0.2,0.2,0.2,0.1,0.2,0.2
Simple Battery,OF UNBORN CHILD,10,0,0,0,0,0,0,0,0,0,0,-100,-100,NA,NA,0.4,0,0,0,0,0,0,0,0
Simple Battery,PRO EMP HANDS NO/MIN INJURY,702,126,0,0,0,0,0,0,0,0,0,-100,-100,NA,NA,26.3,4.7,0,0,0,0,0,0,0
Simple Battery,"PROTECTED EMPLOYEE - HANDS, FISTS, FEET, NO / MINOR INJURY",2,249,351,395,433,493,523,390,527,1449,483,26050,26250,0.8,9,0.1,9.3,13.2,14.8,16.3,18.5,19.6,19.8,18.1
Simple Battery,PROTECTED EMPLOYEE: HANDS NO / MIN INJURY,0,1,0,0,0,0,0,0,0,0,0,NA,NA,NA,NA,0,0,0,0,0,0,0,0,0
Simple Battery,SIMPLE,16454,11374,11603,13733,15104,16118,15177,11273,15010,46399,15466.3,-7.8,-8.8,-1.1,-3,617.5,426.9,435.5,515.4,566.9,604.9,569.6,563.3,580.5
Stolen Property,STOLEN PROP: BUY/RECEIVE/POS.,41,5,0,0,0,0,0,0,0,0,0,-100,-100,NA,NA,1.5,0.2,0,0,0,0,0,0,0
Stolen Property,STOLEN PROPERTY BUY / RECEIVE / POSSESS,2,54,25,77,62,64,60,37,55,186,62,2900,2650,-8.3,-11,0.1,2,0.9,2.9,2.3,2.4,2.3,2.1,2.3
Theft,$500 AND UNDER,23173,17707,16028,18891,18775,19280,15493,10742,14573,53548,17849.3,-33.1,-37.1,-5.9,-18,869.7,664.6,601.5,709,704.6,723.6,581.5,546.9,669.9
Theft,ATTEMPT THEFT,429,288,240,364,368,377,318,190,267,1063,354.3,-25.9,-37.8,-16,-25,16.1,10.8,9,13.7,13.8,14.1,11.9,10,13.3
Theft,DELIVERY CONTAINER THEFT,38,27,20,26,48,38,42,21,31,128,42.7,10.5,-18.4,-26.2,-27,1.4,1,0.8,1,1.8,1.4,1.6,1.2,1.6
Theft,FROM BUILDING,10489,5133,3882,4798,5972,5263,4397,2511,3770,15632,5210.7,-58.1,-64.1,-14.3,-28,393.7,192.6,145.7,180.1,224.1,197.5,165,141.5,195.6
Theft,FROM COIN-OP MACHINE/DEVICE,21,3,0,0,0,0,0,0,0,0,0,-100,-100,NA,NA,0.8,0.1,0,0,0,0,0,0,0
Theft,FROM COIN-OPERATED MACHINE OR DEVICE,1,13,4,20,6,14,7,0,2,27,9,600,100,-71.4,-78,0,0.5,0.2,0.8,0.2,0.5,0.3,0.1,0.3
Theft,POCKET-PICKING,2366,740,1131,1622,1605,1354,1191,843,1144,4150,1383.3,-49.7,-51.6,-3.9,-17,88.8,27.8,42.4,60.9,60.2,50.8,44.7,42.9,51.9
Theft,PURSE-SNATCHING,495,303,276,340,326,263,217,142,179,806,268.7,-56.2,-63.8,-17.5,-33,18.6,11.4,10.4,12.8,12.2,9.9,8.1,6.7,10.1
Theft,RETAIL THEFT,10792,6355,6183,8728,9639,13627,13646,9172,12473,36912,12304,26.4,15.6,-8.6,1,405,238.5,232.1,327.6,361.8,511.4,512.1,468.1,461.8
Theft,THEFT FROM MOTOR VEHICLE,0,0,0,0,5,2286,5930,4510,5959,8221,2740.3,NA,NA,0.5,117,0,0,0,0,0.2,85.8,222.6,223.6,102.8
Theft Over $500,OVER $500,14687,10752,13034,20116,20783,18057,13958,9173,12539,52798,17599.3,-5,-14.6,-10.2,-29,551.2,403.5,489.2,755,780,677.7,523.9,470.6,660.5
Vandalism,INSTITUTIONAL VANDALISM,11,7,6,18,20,6,7,7,8,33,11,-36.4,-27.3,14.3,-27,0.4,0.3,0.2,0.7,0.8,0.2,0.3,0.3,0.4
Vandalism,TO CITY OF CHICAGO PROPERTY,666,621,425,341,383,505,456,260,355,1344,448,-31.5,-46.7,-22.1,-21,25,23.3,16,12.8,14.4,19,17.1,13.3,16.8
Vandalism,TO FIRE FIGHT.APP.EQUIP,5,2,4,3,2,4,4,0,1,10,3.3,-20,-80,-75,-70,0.2,0.1,0.2,0.1,0.1,0.2,0.2,0,0.1
Vandalism,TO PROPERTY,12870,12572,12396,12169,12344,12144,10742,7652,10182,35230,11743.3,-16.5,-20.9,-5.2,-13,483,471.8,465.2,456.7,463.3,455.8,403.2,382.1,440.7
Vandalism,TO STATE SUP PROP,114,19,0,0,0,0,0,0,0,0,0,-100,-100,NA,NA,4.3,0.7,0,0,0,0,0,0,0
Vandalism,TO STATE SUPPORTED PROPERTY,0,79,66,56,76,77,44,38,48,197,65.7,NA,NA,9.1,-27,0,3,2.5,2.1,2.9,2.9,1.7,1.8,2.5
Vandalism,TO VEHICLE,12051,10873,11697,14240,16911,15291,14390,10635,14729,46592,15530.7,19.4,22.2,2.4,-5,452.3,408.1,439,534.4,634.7,573.9,540.1,552.8,582.9
Weapons Violation,ARMED WHILE UNDER THE INFLUENCE,69,45,35,29,30,32,65,58,72,127,42.3,-5.8,4.3,10.8,70,2.6,1.7,1.3,1.1,1.1,1.2,2.4,2.7,1.6
Weapons Violation,CONCEALED CARRY LICENSE REVOCATION,3,1,4,5,3,3,3,5,5,9,3,0,66.7,66.7,67,0.1,0,0.2,0.2,0.1,0.1,0.1,0.2,0.1
Weapons Violation,DEFACE IDENT MARKS OF FIREARM,0,2,0,0,0,0,0,0,0,0,0,NA,NA,NA,NA,0,0.1,0,0,0,0,0,0,0
Weapons Violation,DEFACE IDENTIFICATION MARKS OF FIREARM,0,7,1,1,0,1,1,0,0,2,0.7,NA,NA,-100,-100,0,0.3,0,0,0,0,0,0,0
Weapons Violation,OTHER,80,63,37,43,73,71,99,64,78,243,81,23.8,-2.5,-21.2,-4,3,2.4,1.4,1.6,2.7,2.7,3.7,2.9,3
Weapons Violation,POSS FIREARM/AMMO:NO FOID CARD,81,19,0,0,0,0,0,0,0,0,0,-100,-100,NA,NA,3,0.7,0,0,0,0,0,0,0
Weapons Violation,POSSESS FIREARM / AMMUNITION - NO FOID CARD,1,57,32,30,28,38,38,20,29,104,34.7,3700,2800,-23.7,-16,0,2.1,1.2,1.1,1.1,1.4,1.4,1.1,1.3
Weapons Violation,PROHIBITED PLACES,68,40,101,105,102,93,114,69,100,309,103,67.6,47.1,-12.3,-3,2.6,1.5,3.8,3.9,3.8,3.5,4.3,3.8,3.9
Weapons Violation,RECKLESS FIREARM DISCHARGE,861,1888,2483,2442,2582,2136,797,590,768,5515,1838.3,-7.4,-10.8,-3.6,-58,32.3,70.9,93.2,91.7,96.9,80.2,29.9,28.8,69
Weapons Violation,UNLAWFUL POSS AMMUNITION,90,15,0,0,0,0,0,0,0,0,0,-100,-100,NA,NA,3.4,0.6,0,0,0,0,0,0,0
Weapons Violation,UNLAWFUL POSS OF HANDGUN,4041,682,0,0,0,0,0,0,0,0,0,-100,-100,NA,NA,151.7,25.6,0,0,0,0,0,0,0
Weapons Violation,UNLAWFUL POSS OTHER FIREARM,94,20,0,0,0,0,0,0,0,0,0,-100,-100,NA,NA,3.5,0.8,0,0,0,0,0,0,0
Weapons Violation,UNLAWFUL POSSESSION - AMMUNITION,0,60,58,54,57,58,83,67,92,198,66,NA,NA,10.8,39,0,2.3,2.2,2,2.1,2.2,3.1,3.5,2.5
Weapons Violation,UNLAWFUL POSSESSION - HANDGUN,20,4617,5563,5457,5114,4849,4133,2930,3711,14096,4698.7,20565,18455,-10.2,-21,0.8,173.3,208.8,204.8,191.9,182,155.1,139.3,176.3
Weapons Violation,UNLAWFUL POSSESSION - OTHER FIREARM,2,79,61,63,73,86,122,80,99,281,93.7,6000,4850,-18.9,6,0.1,3,2.3,2.4,2.7,3.2,4.6,3.7,3.5
Weapons Violation,UNLAWFUL SALE - DELIVERY OF FIREARM AT SCHOOL,0,2,0,2,2,2,3,0,2,7,2.3,NA,NA,-33.3,-13,0,0.1,0,0.1,0.1,0.1,0.1,0.1,0.1
Weapons Violation,UNLAWFUL SALE - HANDGUN,0,5,2,2,7,0,14,0,0,21,7,NA,NA,-100,-100,0,0.2,0.1,0.1,0.3,0,0.5,0,0.3
Weapons Violation,UNLAWFUL SALE - OTHER FIREARM,1,2,1,0,3,0,2,1,1,5,1.7,100,0,-50,-41,0,0.1,0,0,0.1,0,0.1,0,0.1
Weapons Violation,UNLAWFUL SALE HANDGUN,5,1,0,0,0,0,0,0,0,0,0,-100,-100,NA,NA,0.2,0,0,0,0,0,0,0,0
Weapons Violation,UNLAWFUL SALE OTHER FIREARM,1,0,0,0,0,0,0,0,0,0,0,-100,-100,NA,NA,0,0,0,0,0,0,0,0,0
Weapons Violation,UNLAWFUL USE - HANDGUN,16,559,351,284,249,209,103,70,96,561,187,543.8,500,-6.8,-49,0.6,21,13.2,10.7,9.3,7.8,3.9,3.6,7
Weapons Violation,UNLAWFUL USE - OTHER DANGEROUS WEAPON,1,32,55,64,74,88,60,61,71,222,74,5900,7000,18.3,-4,0,1.2,2.1,2.4,2.8,3.3,2.3,2.7,2.8
Weapons Violation,UNLAWFUL USE - OTHER FIREARM,2,238,361,360,406,351,72,39,50,829,276.3,3500,2400,-30.6,-82,0.1,8.9,13.5,13.5,15.2,13.2,2.7,1.9,10.4
Weapons Violation,UNLAWFUL USE / SALE OF AIR RIFLE,0,11,12,22,12,23,17,5,15,52,17.3,NA,NA,-11.8,-13,0,0.4,0.5,0.8,0.5,0.9,0.6,0.6,0.6
Weapons Violation,UNLAWFUL USE HANDGUN,824,91,0,0,0,0,0,0,0,0,0,-100,-100,NA,NA,30.9,3.4,0,0,0,0,0,0,0
Weapons Violation,UNLAWFUL USE OTHER DANG WEAPON,113,19,0,0,0,0,0,0,0,0,0,-100,-100,NA,NA,4.2,0.7,0,0,0,0,0,0,0
Weapons Violation,UNLAWFUL USE OTHER FIREARM,145,19,0,0,0,0,0,0,0,0,0,-100,-100,NA,NA,5.4,0.7,0,0,0,0,0,0,0
Weapons Violation,UNLAWFUL USE/SALE AIR RIFLE,41,7,0,0,0,0,0,0,0,0,0,-100,-100,NA,NA,1.5,0.3,0,0,0,0,0,0,0
Weapons Violation,USE OF METAL PIERCING BULLETS,0,0,0,0,2,0,0,1,1,2,0.7,NA,NA,NA,43,0,0,0,0,0.1,0,0,0,0
