category,location_description,total19,total20,total21,total22,total23,total24,total25,total26,last12mos,total_prior3years,avg_prior3years,inc_19to25,inc_19tolast12,inc_25tolast12,inc_prior3yearavgtolast12
Aggravated Assault,Transit,76,64,83,95,101,116,116,67,93,333,111,52.6,22.4,-19.8,-16
Aggravated Battery,Transit,105,92,119,155,180,190,220,131,184,590,196.7,109.5,75.2,-16.4,-6
Criminal Sexual Abuse,Transit,49,22,38,53,41,39,48,47,63,128,42.7,-2,28.6,31.2,48
Criminal Sexual Assault,Transit,2,2,11,19,16,24,16,19,22,56,18.7,700,1000,37.5,18
Disorderly Conduct,Transit,60,28,7,34,59,73,91,55,81,223,74.3,51.7,35,-11,9
Drug Abuse,Transit,79,50,19,56,113,132,132,59,79,377,125.7,67.1,0,-40.2,-37
Forgery & Counterfeiting,Transit,2,0,0,0,0,0,2,0,2,2,0.7,0,0,0,186
Fraud,Transit,297,128,73,68,435,319,324,166,240,1078,359.3,9.1,-19.2,-25.9,-33
Misc Non-Index Offense,Transit,120,70,46,63,78,84,82,65,86,244,81.3,-31.7,-28.3,4.9,6
Murder,Transit,1,3,4,6,1,5,5,2,3,11,3.7,400,200,-40,-19
Offenses Against Family,Transit,1,0,1,0,0,3,1,1,2,4,1.3,0,100,100,54
Prostitution,Transit,1,0,0,0,2,0,1,1,1,3,1,0,0,0,0
Robbery,Transit,414,319,368,390,301,416,379,155,238,1096,365.3,-8.5,-42.5,-37.2,-35
Simple Assault,Transit,215,156,167,205,215,245,235,202,250,695,231.7,9.3,16.3,6.4,8
Simple Battery,Transit,807,468,488,626,764,864,897,652,878,2525,841.7,11.2,8.8,-2.1,4
Theft,Transit,1269,509,400,554,488,435,426,214,320,1349,449.7,-66.4,-74.8,-24.9,-29
Theft Over $500,Transit,587,242,131,183,140,159,158,78,123,457,152.3,-73.1,-79,-22.2,-19
Vandalism,Transit,282,230,205,187,168,347,236,131,182,751,250.3,-16.3,-35.5,-22.9,-27
Weapons Violation,Transit,18,12,31,49,55,86,68,56,71,209,69.7,277.8,294.4,4.4,2
Arson,Transit,0,1,0,4,2,1,3,4,7,6,2,NA,NA,133.3,250
Liquor License,Transit,0,1,0,0,1,0,0,1,1,1,0.3,NA,NA,NA,233
Burglary,Transit,0,0,1,0,0,1,0,0,0,1,0.3,NA,NA,NA,-100
Motor Vehicle Theft,Transit,0,0,2,0,3,2,0,0,0,5,1.7,NA,NA,NA,-100
Stolen Property,Transit,0,0,0,0,1,0,0,0,0,1,0.3,NA,NA,NA,-100
